Instance,Solution,Run,Time,Value
chao_1.25,B,1,752,504.025
chao_1.25,B,2,755,467.411
chao_1.25,B,3,761,477.29
chao_1.25,B,4,770,487.994
chao_1.25,B,5,756,477.461
chao_1.25,B,6,754,491.267
chao_1.25,B,7,739,486.988
chao_1.25,B,8,756,441.808
chao_1.25,B,9,764,510.582
chao_1.25,B,10,752,498.243
chao_1.25,C,1,782,485.502
chao_1.25,C,2,769,463.813
chao_1.25,C,3,781,472.358
chao_1.25,C,4,778,455.589
chao_1.25,C,5,784,463.452
chao_1.25,C,6,768,454.071
chao_1.25,C,7,761,466.102
chao_1.25,C,8,770,449.152
chao_1.25,C,9,782,483.721
chao_1.25,C,10,773,468.623
chao_1.25,R,1,758,514.74
chao_1.25,R,2,760,522.144
chao_1.25,R,3,758,517.709
chao_1.25,R,4,754,460.624
chao_1.25,R,5,760,512.577
chao_1.25,R,6,767,492.144
chao_1.25,R,7,756,489.871
chao_1.25,R,8,749,488.851
chao_1.25,R,9,757,517.841
chao_1.25,R,10,761,497.38
chao_1.30a,B,1,1093,586.116
chao_1.30a,B,2,1064,586.797
chao_1.30a,B,3,1076,567.784
chao_1.30a,B,4,1061,560.356
chao_1.30a,B,5,1082,577.46
chao_1.30a,B,6,1112,564.795
chao_1.30a,B,7,1079,540.716
chao_1.30a,B,8,1065,581.675
chao_1.30a,B,9,1105,565.04
chao_1.30a,B,10,1063,579.689
chao_1.30a,C,1,1082,596.122
chao_1.30a,C,2,1081,558.014
chao_1.30a,C,3,1094,558.935
chao_1.30a,C,4,1125,601.579
chao_1.30a,C,5,1078,578.07
chao_1.30a,C,6,1107,585.473
chao_1.30a,C,7,1094,586.92
chao_1.30a,C,8,1093,571.746
chao_1.30a,C,9,1087,583.78
chao_1.30a,C,10,1074,562.699
chao_1.30a,R,1,1083,551.912
chao_1.30a,R,2,1073,562.202
chao_1.30a,R,3,1076,595.289
chao_1.30a,R,4,1081,620.025
chao_1.30a,R,5,1073,596.894
chao_1.30a,R,6,1088,582.553
chao_1.30a,R,7,1091,590.052
chao_1.30a,R,8,1076,591.168
chao_1.30a,R,9,1065,595.047
chao_1.30a,R,10,1071,607.445
chao_1.30b,B,1,1048,516.09
chao_1.30b,B,2,1062,522.74
chao_1.30b,B,3,1067,553.162
chao_1.30b,B,4,1050,544.729
chao_1.30b,B,5,1049,531.16
chao_1.30b,B,6,1050,555.129
chao_1.30b,B,7,1048,527.407
chao_1.30b,B,8,1050,531.776
chao_1.30b,B,9,1049,544.863
chao_1.30b,B,10,1052,521.32
chao_1.30b,C,1,1083,567.047
chao_1.30b,C,2,1085,533.481
chao_1.30b,C,3,1060,532.336
chao_1.30b,C,4,1105,539.513
chao_1.30b,C,5,1105,522.743
chao_1.30b,C,6,1124,556.233
chao_1.30b,C,7,1126,487.047
chao_1.30b,C,8,1105,550.263
chao_1.30b,C,9,1070,551.308
chao_1.30b,C,10,1071,551.541
chao_1.30b,R,1,1105,539.471
chao_1.30b,R,2,1050,567.225
chao_1.30b,R,3,1048,554.937
chao_1.30b,R,4,1055,589.916
chao_1.30b,R,5,1054,575.032
chao_1.30b,R,6,1048,583.788
chao_1.30b,R,7,1052,539.945
chao_1.30b,R,8,1057,561.417
chao_1.30b,R,9,1075,576.404
chao_1.30b,R,10,1062,
chao_1.30c,B,1,909,544.469
chao_1.30c,B,2,917,531.979
chao_1.30c,B,3,927,505.919
chao_1.30c,B,4,915,546.04
chao_1.30c,B,5,904,544.677
chao_1.30c,B,6,900,543.217
chao_1.30c,B,7,920,555.016
chao_1.30c,B,8,902,546.317
chao_1.30c,B,9,915,573.999
chao_1.30c,B,10,907,500.304
chao_1.30c,C,1,994,555.374
chao_1.30c,C,2,1023,543.661
chao_1.30c,C,3,1023,532.522
chao_1.30c,C,4,1007,506.001
chao_1.30c,C,5,1011,546.49
chao_1.30c,C,6,1006,557.003
chao_1.30c,C,7,1014,490.951
chao_1.30c,C,8,1027,528.323
chao_1.30c,C,9,1010,540.846
chao_1.30c,C,10,1014,556.641
chao_1.30c,R,1,882,566.195
chao_1.30c,R,2,895,591.051
chao_1.30c,R,3,884,609.821
chao_1.30c,R,4,881,616.706
chao_1.30c,R,5,875,579.369
chao_1.30c,R,6,892,602.923
chao_1.30c,R,7,880,592.202
chao_1.30c,R,8,888,570.591
chao_1.30c,R,9,903,582.984
chao_1.30c,R,10,898,587.084
chao_1.40a,B,1,1776,762.583
chao_1.40a,B,2,1746,740.939
chao_1.40a,B,3,1759,741.455
chao_1.40a,B,4,1761,740.913
chao_1.40a,B,5,1759,787.417
chao_1.40a,B,6,1756,754.638
chao_1.40a,B,7,1750,672.643
chao_1.40a,B,8,1748,746.607
chao_1.40a,B,9,1745,778.88
chao_1.40a,B,10,1744,736.436
chao_1.40a,C,1,1787,751.174
chao_1.40a,C,2,1802,719.502
chao_1.40a,C,3,1782,729.008
chao_1.40a,C,4,1913,740.885
chao_1.40a,C,5,1777,738.279
chao_1.40a,C,6,1794,719.043
chao_1.40a,C,7,1778,774.5
chao_1.40a,C,8,1778,742.218
chao_1.40a,C,9,1784,742.874
chao_1.40a,C,10,1788,705.64
chao_1.40a,R,1,1770,768.645
chao_1.40a,R,2,1751,759.266
chao_1.40a,R,3,1774,782.316
chao_1.40a,R,4,1760,796.095
chao_1.40a,R,5,1743,761.954
chao_1.40a,R,6,1753,800.692
chao_1.40a,R,7,1787,765.035
chao_1.40a,R,8,1752,791.26
chao_1.40a,R,9,1745,771.955
chao_1.40a,R,10,1755,778.617
chao_1.40b,B,1,1787,686.585
chao_1.40b,B,2,1727,676.229
chao_1.40b,B,3,1751,685.191
chao_1.40b,B,4,1742,719.419
chao_1.40b,B,5,1721,688.851
chao_1.40b,B,6,1732,708.573
chao_1.40b,B,7,1727,698.341
chao_1.40b,B,8,1735,669.247
chao_1.40b,B,9,1746,707.884
chao_1.40b,B,10,1752,699.637
chao_1.40b,C,1,1755,713.576
chao_1.40b,C,2,1810,704.882
chao_1.40b,C,3,1791,719.249
chao_1.40b,C,4,1814,712.53
chao_1.40b,C,5,1766,679.128
chao_1.40b,C,6,1775,695.22
chao_1.40b,C,7,1786,728.254
chao_1.40b,C,8,1769,734.343
chao_1.40b,C,9,1863,685.158
chao_1.40b,C,10,1799,712.89
chao_1.40b,R,1,1742,743.322
chao_1.40b,R,2,1730,761.92
chao_1.40b,R,3,1754,752.074
chao_1.40b,R,4,1720,734.42
chao_1.40b,R,5,1761,738.712
chao_1.40b,R,6,1735,720.575
chao_1.40b,R,7,1747,756.629
chao_1.40b,R,8,1736,770.621
chao_1.40b,R,9,1745,741.566
chao_1.40b,R,10,1748,742.692
chao_1.40c,B,1,1420,725.536
chao_1.40c,B,2,1402,679.288
chao_1.40c,B,3,1397,722.48
chao_1.40c,B,4,1401,673.783
chao_1.40c,B,5,1410,741.432
chao_1.40c,B,6,1407,686.621
chao_1.40c,B,7,1428,739.011
chao_1.40c,B,8,1492,701.441
chao_1.40c,B,9,1426,738.101
chao_1.40c,B,10,1427,736.161
chao_1.40c,C,1,1600,720.85
chao_1.40c,C,2,1582,750.395
chao_1.40c,C,3,1626,666.898
chao_1.40c,C,4,1626,681.872
chao_1.40c,C,5,1590,662.529
chao_1.40c,C,6,1596,722.149
chao_1.40c,C,7,1572,713.872
chao_1.40c,C,8,1556,711.459
chao_1.40c,C,9,1579,680.371
chao_1.40c,C,10,1596,689.367
chao_1.40c,R,1,1365,765.082
chao_1.40c,R,2,1377,756.594
chao_1.40c,R,3,1377,788.845
chao_1.40c,R,4,1392,724.749
chao_1.40c,R,5,1416,762.278
chao_1.40c,R,6,1389,776.368
chao_1.40c,R,7,1395,759.327
chao_1.40c,R,8,1396,744.91
chao_1.40c,R,9,1406,768.039
chao_1.40c,R,10,1374,771.037
chao_10.25,B,1,754,525.251
chao_10.25,B,2,746,525.644
chao_10.25,B,3,742,489.198
chao_10.25,B,4,753,505.315
chao_10.25,B,5,758,505.441
chao_10.25,B,6,756,510.362
chao_10.25,B,7,749,525.142
chao_10.25,B,8,748,517.933
chao_10.25,B,9,752,543.853
chao_10.25,B,10,751,529.058
chao_10.25,C,1,789,524.344
chao_10.25,C,2,755,533.345
chao_10.25,C,3,756,528.483
chao_10.25,C,4,770,515.821
chao_10.25,C,5,766,547.505
chao_10.25,C,6,756,525.063
chao_10.25,C,7,771,542.845
chao_10.25,C,8,773,565.66
chao_10.25,C,9,767,552.442
chao_10.25,C,10,771,551.659
chao_10.25,R,1,748,583.398
chao_10.25,R,2,749,594.688
chao_10.25,R,3,747,606.864
chao_10.25,R,4,745,578.324
chao_10.25,R,5,739,542.787
chao_10.25,R,6,752,586.171
chao_10.25,R,7,739,596.728
chao_10.25,R,8,758,589.749
chao_10.25,R,9,743,563.082
chao_10.25,R,10,753,581.71
chao_10.30a,B,1,1071,589.539
chao_10.30a,B,2,1086,636.954
chao_10.30a,B,3,1064,615.867
chao_10.30a,B,4,1073,631.509
chao_10.30a,B,5,1058,614.939
chao_10.30a,B,6,1114,620.037
chao_10.30a,B,7,1134,591.772
chao_10.30a,B,8,1059,584.591
chao_10.30a,B,9,1060,600.191
chao_10.30a,B,10,1072,600.018
chao_10.30a,C,1,1085,657.772
chao_10.30a,C,2,1082,664.274
chao_10.30a,C,3,1097,601.027
chao_10.30a,C,4,1103,637.539
chao_10.30a,C,5,1087,663.78
chao_10.30a,C,6,1089,656.4
chao_10.30a,C,7,1084,639.852
chao_10.30a,C,8,1099,639.554
chao_10.30a,C,9,1095,622.612
chao_10.30a,C,10,1092,641.453
chao_10.30a,R,1,1067,678.964
chao_10.30a,R,2,1074,680.32
chao_10.30a,R,3,1091,679.572
chao_10.30a,R,4,1073,644.138
chao_10.30a,R,5,1117,681.489
chao_10.30a,R,6,1066,659.755
chao_10.30a,R,7,1069,634.67
chao_10.30a,R,8,1071,645.854
chao_10.30a,R,9,1071,640.507
chao_10.30a,R,10,1075,672.003
chao_10.30b,B,1,1083,559.655
chao_10.30b,B,2,1056,560.061
chao_10.30b,B,3,1062,540.899
chao_10.30b,B,4,1052,566.531
chao_10.30b,B,5,1169,562.193
chao_10.30b,B,6,1053,548.431
chao_10.30b,B,7,1037,550.482
chao_10.30b,B,8,1051,552.214
chao_10.30b,B,9,1139,552.845
chao_10.30b,B,10,1100,552.187
chao_10.30b,C,1,1081,585.261
chao_10.30b,C,2,1089,614.938
chao_10.30b,C,3,1102,597.093
chao_10.30b,C,4,1075,603.694
chao_10.30b,C,5,1085,592.306
chao_10.30b,C,6,1094,569.492
chao_10.30b,C,7,1075,604.392
chao_10.30b,C,8,1071,579.197
chao_10.30b,C,9,1089,575.821
chao_10.30b,C,10,1076,579.251
chao_10.30b,R,1,1054,643.673
chao_10.30b,R,2,1054,636.978
chao_10.30b,R,3,1052,609.864
chao_10.30b,R,4,1072,654.819
chao_10.30b,R,5,1058,643.031
chao_10.30b,R,6,1064,636.102
chao_10.30b,R,7,1065,643.861
chao_10.30b,R,8,1053,621.918
chao_10.30b,R,9,1049,605.187
chao_10.30b,R,10,1048,646.85
chao_10.30c,B,1,904,686.278
chao_10.30c,B,2,887,624.335
chao_10.30c,B,3,888,623.382
chao_10.30c,B,4,980,630.374
chao_10.30c,B,5,919,648.044
chao_10.30c,B,6,901,680.63
chao_10.30c,B,7,902,620.952
chao_10.30c,B,8,890,636.446
chao_10.30c,B,9,907,646.864
chao_10.30c,B,10,895,677.373
chao_10.30c,C,1,970,637.721
chao_10.30c,C,2,985,634.639
chao_10.30c,C,3,980,643.564
chao_10.30c,C,4,984,655.045
chao_10.30c,C,5,993,673.638
chao_10.30c,C,6,997,601.238
chao_10.30c,C,7,968,598.229
chao_10.30c,C,8,981,661.124
chao_10.30c,C,9,978,651.765
chao_10.30c,C,10,1006,660.805
chao_10.30c,R,1,916,673.625
chao_10.30c,R,2,919,665.685
chao_10.30c,R,3,916,698.157
chao_10.30c,R,4,911,662.672
chao_10.30c,R,5,914,703.134
chao_10.30c,R,6,913,693.353
chao_10.30c,R,7,916,687.445
chao_10.30c,R,8,897,649.251
chao_10.30c,R,9,904,702.123
chao_10.30c,R,10,916,645.959
chao_10.40a,B,1,1764,814.948
chao_10.40a,B,2,1709,824.969
chao_10.40a,B,3,1733,820.174
chao_10.40a,B,4,1784,825.442
chao_10.40a,B,5,1739,838.432
chao_10.40a,B,6,1722,785.012
chao_10.40a,B,7,1735,814.047
chao_10.40a,B,8,1716,839.034
chao_10.40a,B,9,1715,794.771
chao_10.40a,B,10,1732,799.324
chao_10.40a,C,1,1762,827.657
chao_10.40a,C,2,1788,816.155
chao_10.40a,C,3,1806,808.032
chao_10.40a,C,4,1782,807.35
chao_10.40a,C,5,1767,826.399
chao_10.40a,C,6,1792,813.109
chao_10.40a,C,7,1784,854.134
chao_10.40a,C,8,1763,818.149
chao_10.40a,C,9,1784,812.406
chao_10.40a,C,10,1845,845.828
chao_10.40a,R,1,1769,856.503
chao_10.40a,R,2,1805,863.067
chao_10.40a,R,3,1740,884.257
chao_10.40a,R,4,1754,877.387
chao_10.40a,R,5,1740,902.377
chao_10.40a,R,6,1735,867.305
chao_10.40a,R,7,1744,856.284
chao_10.40a,R,8,1770,849.964
chao_10.40a,R,9,1762,858.566
chao_10.40a,R,10,1730,834.532
chao_10.40b,B,1,1742,699.498
chao_10.40b,B,2,1731,745.385
chao_10.40b,B,3,1732,726.867
chao_10.40b,B,4,1715,686.93
chao_10.40b,B,5,1732,705.559
chao_10.40b,B,6,1705,715.844
chao_10.40b,B,7,1734,702.67
chao_10.40b,B,8,1705,711.303
chao_10.40b,B,9,1712,725.073
chao_10.40b,B,10,1773,711.936
chao_10.40b,C,1,1743,705.072
chao_10.40b,C,2,1745,744.712
chao_10.40b,C,3,1787,668.233
chao_10.40b,C,4,1780,741.621
chao_10.40b,C,5,1789,761.623
chao_10.40b,C,6,1749,691.505
chao_10.40b,C,7,1781,755.182
chao_10.40b,C,8,1755,750.534
chao_10.40b,C,9,1779,765.948
chao_10.40b,C,10,1755,741.875
chao_10.40b,R,1,1731,816.557
chao_10.40b,R,2,1723,810.158
chao_10.40b,R,3,1749,812.392
chao_10.40b,R,4,1731,779.868
chao_10.40b,R,5,1733,792.755
chao_10.40b,R,6,1729,813.188
chao_10.40b,R,7,1748,792.267
chao_10.40b,R,8,1739,785.704
chao_10.40b,R,9,1755,793.759
chao_10.40b,R,10,1712,797.9
chao_10.40c,B,1,1395,851.904
chao_10.40c,B,2,1400,890.634
chao_10.40c,B,3,1372,821.593
chao_10.40c,B,4,1399,870.899
chao_10.40c,B,5,1394,813.309
chao_10.40c,B,6,1402,829.057
chao_10.40c,B,7,1427,841.637
chao_10.40c,B,8,1404,875.67
chao_10.40c,B,9,1393,866.167
chao_10.40c,B,10,1416,890.23
chao_10.40c,C,1,1547,874.781
chao_10.40c,C,2,1494,789.454
chao_10.40c,C,3,1488,838.803
chao_10.40c,C,4,1497,870.79
chao_10.40c,C,5,1501,857.742
chao_10.40c,C,6,1527,843.775
chao_10.40c,C,7,1489,850.895
chao_10.40c,C,8,1569,757.689
chao_10.40c,C,9,1550,821.855
chao_10.40c,C,10,1535,853.062
chao_10.40c,R,1,1348,947.156
chao_10.40c,R,2,1322,899.864
chao_10.40c,R,3,1360,850.952
chao_10.40c,R,4,1336,941.751
chao_10.40c,R,5,1326,909.182
chao_10.40c,R,6,1329,916.421
chao_10.40c,R,7,1319,955.642
chao_10.40c,R,8,1319,923.909
chao_10.40c,R,9,1308,910.599
chao_10.40c,R,10,1353,931.103
chao_11.25,B,1,768,503.024
chao_11.25,B,2,758,523.901
chao_11.25,B,3,770,532.315
chao_11.25,B,4,762,553.473
chao_11.25,B,5,757,555.566
chao_11.25,B,6,753,546.952
chao_11.25,B,7,762,544.651
chao_11.25,B,8,754,544.969
chao_11.25,B,9,745,550.863
chao_11.25,B,10,751,498.77
chao_11.25,C,1,843,595.444
chao_11.25,C,2,782,572.993
chao_11.25,C,3,798,539.962
chao_11.25,C,4,781,559.766
chao_11.25,C,5,781,552.3
chao_11.25,C,6,780,582.072
chao_11.25,C,7,784,577.428
chao_11.25,C,8,777,580.415
chao_11.25,C,9,804,579.675
chao_11.25,C,10,792,596.085
chao_11.25,R,1,766,588.667
chao_11.25,R,2,745,567.742
chao_11.25,R,3,745,597.385
chao_11.25,R,4,758,579.635
chao_11.25,R,5,740,571.43
chao_11.25,R,6,749,588.498
chao_11.25,R,7,754,592.146
chao_11.25,R,8,746,624.583
chao_11.25,R,9,746,560.647
chao_11.25,R,10,740,575.92
chao_11.30a,B,1,1060,622.726
chao_11.30a,B,2,1065,619.032
chao_11.30a,B,3,1042,621.505
chao_11.30a,B,4,1050,629.391
chao_11.30a,B,5,1050,636.149
chao_11.30a,B,6,1047,642.02
chao_11.30a,B,7,1097,647.177
chao_11.30a,B,8,1088,621.503
chao_11.30a,B,9,1101,598.153
chao_11.30a,B,10,1051,585.725
chao_11.30a,C,1,1103,652.256
chao_11.30a,C,2,1088,644.619
chao_11.30a,C,3,1076,638.195
chao_11.30a,C,4,1101,623.039
chao_11.30a,C,5,1127,628.065
chao_11.30a,C,6,1137,654.08
chao_11.30a,C,7,1103,654.134
chao_11.30a,C,8,1119,665.468
chao_11.30a,C,9,1105,675.93
chao_11.30a,C,10,1108,627.011
chao_11.30a,R,1,1069,678.167
chao_11.30a,R,2,1062,633.303
chao_11.30a,R,3,1072,648.851
chao_11.30a,R,4,1068,626.463
chao_11.30a,R,5,1076,674.651
chao_11.30a,R,6,1067,668.256
chao_11.30a,R,7,1069,648.953
chao_11.30a,R,8,1061,632.68
chao_11.30a,R,9,1064,632.516
chao_11.30a,R,10,1049,680.877
chao_11.30b,B,1,1047,510.405
chao_11.30b,B,2,1048,520.599
chao_11.30b,B,3,1063,529.828
chao_11.30b,B,4,1055,540.096
chao_11.30b,B,5,1055,527.708
chao_11.30b,B,6,1047,527.913
chao_11.30b,B,7,1051,541.526
chao_11.30b,B,8,1048,511.823
chao_11.30b,B,9,1053,502.024
chao_11.30b,B,10,1049,542.598
chao_11.30b,C,1,1103,606.849
chao_11.30b,C,2,1090,585.994
chao_11.30b,C,3,1098,607.805
chao_11.30b,C,4,1076,623.897
chao_11.30b,C,5,1078,527.941
chao_11.30b,C,6,1096,575.824
chao_11.30b,C,7,1089,552.097
chao_11.30b,C,8,1078,555.312
chao_11.30b,C,9,1076,602.208
chao_11.30b,C,10,1105,609.788
chao_11.30b,R,1,1106,599.267
chao_11.30b,R,2,1037,555.65
chao_11.30b,R,3,1065,609.25
chao_11.30b,R,4,1042,591.305
chao_11.30b,R,5,1052,596.937
chao_11.30b,R,6,1049,578.318
chao_11.30b,R,7,1044,572.807
chao_11.30b,R,8,1056,558.887
chao_11.30b,R,9,1040,564.156
chao_11.30b,R,10,1062,543.795
chao_11.30c,B,1,862,549.177
chao_11.30c,B,2,873,658.473
chao_11.30c,B,3,864,613.19
chao_11.30c,B,4,861,660.779
chao_11.30c,B,5,860,632.599
chao_11.30c,B,6,858,627.154
chao_11.30c,B,7,848,651.957
chao_11.30c,B,8,870,623.903
chao_11.30c,B,9,877,632.369
chao_11.30c,B,10,866,634.976
chao_11.30c,C,1,974,640.164
chao_11.30c,C,2,983,650.167
chao_11.30c,C,3,963,631.654
chao_11.30c,C,4,993,655.352
chao_11.30c,C,5,1008,601.183
chao_11.30c,C,6,985,593.595
chao_11.30c,C,7,987,608.071
chao_11.30c,C,8,989,607.707
chao_11.30c,C,9,977,624.153
chao_11.30c,C,10,978,653.919
chao_11.30c,R,1,848,677.732
chao_11.30c,R,2,854,641.438
chao_11.30c,R,3,844,652.681
chao_11.30c,R,4,849,708.108
chao_11.30c,R,5,849,666.238
chao_11.30c,R,6,832,705.566
chao_11.30c,R,7,846,692.261
chao_11.30c,R,8,841,650.338
chao_11.30c,R,9,843,659.451
chao_11.30c,R,10,861,683.213
chao_11.40a,B,1,1736,880.356
chao_11.40a,B,2,1762,837.002
chao_11.40a,B,3,1753,844.344
chao_11.40a,B,4,1721,830.21
chao_11.40a,B,5,1739,858.848
chao_11.40a,B,6,1728,843.171
chao_11.40a,B,7,1726,841.109
chao_11.40a,B,8,1730,837.037
chao_11.40a,B,9,1745,802.629
chao_11.40a,B,10,1750,825.078
chao_11.40a,C,1,1793,836.345
chao_11.40a,C,2,1793,827.45
chao_11.40a,C,3,1799,816.13
chao_11.40a,C,4,1807,829.869
chao_11.40a,C,5,1867,816.641
chao_11.40a,C,6,1767,783.106
chao_11.40a,C,7,1800,874.374
chao_11.40a,C,8,1808,824.846
chao_11.40a,C,9,1800,796.401
chao_11.40a,C,10,1804,850.001
chao_11.40a,R,1,1760,848.683
chao_11.40a,R,2,1753,842.251
chao_11.40a,R,3,1765,894.881
chao_11.40a,R,4,1750,884.84
chao_11.40a,R,5,1746,819.015
chao_11.40a,R,6,1769,871.489
chao_11.40a,R,7,1772,883.457
chao_11.40a,R,8,1791,809.785
chao_11.40a,R,9,1768,831.197
chao_11.40a,R,10,1836,866.551
chao_11.40b,B,1,1802,781.993
chao_11.40b,B,2,1729,760.912
chao_11.40b,B,3,1725,768.317
chao_11.40b,B,4,1771,733.376
chao_11.40b,B,5,1762,733.1
chao_11.40b,B,6,1703,730.831
chao_11.40b,B,7,1716,773.477
chao_11.40b,B,8,1724,752.278
chao_11.40b,B,9,1740,770.109
chao_11.40b,B,10,1751,718.138
chao_11.40b,C,1,1762,752.471
chao_11.40b,C,2,1766,797.413
chao_11.40b,C,3,1759,742.509
chao_11.40b,C,4,1792,797.621
chao_11.40b,C,5,1788,751.527
chao_11.40b,C,6,1782,761.349
chao_11.40b,C,7,1744,764.935
chao_11.40b,C,8,1769,771.907
chao_11.40b,C,9,1774,734.544
chao_11.40b,C,10,1836,788.527
chao_11.40b,R,1,1736,827.391
chao_11.40b,R,2,1732,820.951
chao_11.40b,R,3,1721,806.169
chao_11.40b,R,4,1737,822.829
chao_11.40b,R,5,1738,784.113
chao_11.40b,R,6,1734,820.886
chao_11.40b,R,7,1718,801.941
chao_11.40b,R,8,1712,851.724
chao_11.40b,R,9,1732,781.287
chao_11.40b,R,10,1723,813.83
chao_11.40c,B,1,1366,877.77
chao_11.40c,B,2,1368,893.233
chao_11.40c,B,3,1357,886.953
chao_11.40c,B,4,1381,852.839
chao_11.40c,B,5,1351,897.134
chao_11.40c,B,6,1359,855.265
chao_11.40c,B,7,1421,876.089
chao_11.40c,B,8,1441,868.473
chao_11.40c,B,9,1388,850.137
chao_11.40c,B,10,1424,902.415
chao_11.40c,C,1,1538,840.93
chao_11.40c,C,2,1504,858.67
chao_11.40c,C,3,1523,869.84
chao_11.40c,C,4,1552,835.06
chao_11.40c,C,5,1590,861.795
chao_11.40c,C,6,1541,875.478
chao_11.40c,C,7,1533,849.684
chao_11.40c,C,8,1557,858.664
chao_11.40c,C,9,1494,858.025
chao_11.40c,C,10,1494,855.979
chao_11.40c,R,1,1333,914.855
chao_11.40c,R,2,1323,903.144
chao_11.40c,R,3,1379,910.183
chao_11.40c,R,4,1308,894.907
chao_11.40c,R,5,1289,899.131
chao_11.40c,R,6,1308,849.408
chao_11.40c,R,7,1339,908.1
chao_11.40c,R,8,1319,879.1
chao_11.40c,R,9,1309,946.138
chao_11.40c,R,10,1297,919.147
chao_12.25,B,1,768,579.327
chao_12.25,B,2,749,554.896
chao_12.25,B,3,787,604.543
chao_12.25,B,4,776,553.786
chao_12.25,B,5,766,602.945
chao_12.25,B,6,764,584.268
chao_12.25,B,7,758,556.933
chao_12.25,B,8,765,566.873
chao_12.25,B,9,743,584.096
chao_12.25,B,10,763,586.463
chao_12.25,C,1,775,620.386
chao_12.25,C,2,765,578.623
chao_12.25,C,3,772,596.703
chao_12.25,C,4,771,567.848
chao_12.25,C,5,784,604.462
chao_12.25,C,6,776,598.055
chao_12.25,C,7,783,600.334
chao_12.25,C,8,768,561.76
chao_12.25,C,9,774,601.225
chao_12.25,C,10,781,575.166
chao_12.25,R,1,747,587.907
chao_12.25,R,2,750,612.562
chao_12.25,R,3,739,589.942
chao_12.25,R,4,743,630.075
chao_12.25,R,5,738,582.784
chao_12.25,R,6,736,628.3
chao_12.25,R,7,736,583.354
chao_12.25,R,8,737,626.328
chao_12.25,R,9,756,604.182
chao_12.25,R,10,745,586.308
chao_12.30a,B,1,1046,673.559
chao_12.30a,B,2,1061,700.176
chao_12.30a,B,3,1047,677.666
chao_12.30a,B,4,1046,709.607
chao_12.30a,B,5,1038,695.892
chao_12.30a,B,6,1065,707.987
chao_12.30a,B,7,1040,663.44
chao_12.30a,B,8,1047,718.849
chao_12.30a,B,9,1052,707.223
chao_12.30a,B,10,1073,682.208
chao_12.30a,C,1,1085,715.771
chao_12.30a,C,2,1109,732.348
chao_12.30a,C,3,1084,725.683
chao_12.30a,C,4,1077,700.64
chao_12.30a,C,5,1085,736.033
chao_12.30a,C,6,1093,687.746
chao_12.30a,C,7,1071,722.476
chao_12.30a,C,8,1083,691.668
chao_12.30a,C,9,1081,722.472
chao_12.30a,C,10,1097,722.062
chao_12.30a,R,1,1056,749.48
chao_12.30a,R,2,1053,745.936
chao_12.30a,R,3,1075,759.678
chao_12.30a,R,4,1069,715.491
chao_12.30a,R,5,1062,749.71
chao_12.30a,R,6,1055,751.906
chao_12.30a,R,7,1056,726.363
chao_12.30a,R,8,1071,712.792
chao_12.30a,R,9,1060,732.519
chao_12.30a,R,10,1078,767.337
chao_12.30b,B,1,1084,580.755
chao_12.30b,B,2,1063,622.474
chao_12.30b,B,3,1074,583.667
chao_12.30b,B,4,1075,583.807
chao_12.30b,B,5,1219,618.486
chao_12.30b,B,6,1230,582.183
chao_12.30b,B,7,1103,539.176
chao_12.30b,B,8,1105,572.431
chao_12.30b,B,9,1064,614.188
chao_12.30b,B,10,1118,613.072
chao_12.30b,C,1,1228,647.234
chao_12.30b,C,2,1227,651.154
chao_12.30b,C,3,1104,648.664
chao_12.30b,C,4,1119,624.9
chao_12.30b,C,5,1101,657.497
chao_12.30b,C,6,1108,649.425
chao_12.30b,C,7,1115,657.219
chao_12.30b,C,8,1128,656.905
chao_12.30b,C,9,1178,621.483
chao_12.30b,C,10,1188,629.151
chao_12.30b,R,1,1111,665.686
chao_12.30b,R,2,1072,656.604
chao_12.30b,R,3,1071,628.558
chao_12.30b,R,4,1113,668.065
chao_12.30b,R,5,1041,655.179
chao_12.30b,R,6,1106,667.137
chao_12.30b,R,7,1088,667.565
chao_12.30b,R,8,1858,626.195
chao_12.30b,R,9,1081,605.945
chao_12.30b,R,10,1076,684.048
chao_12.30c,B,1,868,707.661
chao_12.30c,B,2,874,736.639
chao_12.30c,B,3,898,675.436
chao_12.30c,B,4,857,703.841
chao_12.30c,B,5,891,699.444
chao_12.30c,B,6,900,704.125
chao_12.30c,B,7,886,714.47
chao_12.30c,B,8,1509,708.021
chao_12.30c,B,9,2211,675.767
chao_12.30c,B,10,2383,716.557
chao_12.30c,C,1,2589,697.529
chao_12.30c,C,2,2613,684.968
chao_12.30c,C,3,2983,634.213
chao_12.30c,C,4,2635,691.339
chao_12.30c,C,5,2747,713.248
chao_12.30c,C,6,2681,709.855
chao_12.30c,C,7,2684,666.142
chao_12.30c,C,8,2762,699.269
chao_12.30c,C,9,5180,697.295
chao_12.30c,C,10,2955,670.462
chao_12.30c,R,1,2610,699.076
chao_12.30c,R,2,2566,746.405
chao_12.30c,R,3,1683,689.244
chao_12.30c,R,4,925,700.392
chao_12.30c,R,5,866,724.304
chao_12.30c,R,6,861,712.4
chao_12.30c,R,7,856,739.909
chao_12.30c,R,8,865,677.896
chao_12.30c,R,9,891,723.484
chao_12.30c,R,10,875,744.308
chao_12.40a,B,1,1748,839.83
chao_12.40a,B,2,1731,881.323
chao_12.40a,B,3,1712,877.916
chao_12.40a,B,4,1695,939.709
chao_12.40a,B,5,1697,902.29
chao_12.40a,B,6,1696,927.274
chao_12.40a,B,7,1703,855.979
chao_12.40a,B,8,1728,873.259
chao_12.40a,B,9,1708,902.442
chao_12.40a,B,10,1726,903.235
chao_12.40a,C,1,1765,886.543
chao_12.40a,C,2,1776,910.537
chao_12.40a,C,3,1766,944.62
chao_12.40a,C,4,1760,906.129
chao_12.40a,C,5,1789,908.757
chao_12.40a,C,6,1760,922.029
chao_12.40a,C,7,1769,919.941
chao_12.40a,C,8,1781,906.024
chao_12.40a,C,9,1769,951.188
chao_12.40a,C,10,1779,908.606
chao_12.40a,R,1,1727,968.071
chao_12.40a,R,2,1706,975.25
chao_12.40a,R,3,1736,985.848
chao_12.40a,R,4,1725,960.77
chao_12.40a,R,5,1721,986.652
chao_12.40a,R,6,1819,972.234
chao_12.40a,R,7,1762,929.74
chao_12.40a,R,8,1716,955.187
chao_12.40a,R,9,1695,986.678
chao_12.40a,R,10,1717,898.921
chao_12.40b,B,1,1705,825.495
chao_12.40b,B,2,1701,833.418
chao_12.40b,B,3,1701,809.796
chao_12.40b,B,4,1705,840.449
chao_12.40b,B,5,1714,804.21
chao_12.40b,B,6,1737,806.608
chao_12.40b,B,7,1703,825.557
chao_12.40b,B,8,1696,728.897
chao_12.40b,B,9,1698,776.071
chao_12.40b,B,10,1704,791.553
chao_12.40b,C,1,1740,786.091
chao_12.40b,C,2,1789,772.406
chao_12.40b,C,3,1755,764.319
chao_12.40b,C,4,1788,790.339
chao_12.40b,C,5,1764,795.625
chao_12.40b,C,6,1767,801.699
chao_12.40b,C,7,1753,785.672
chao_12.40b,C,8,1787,816.93
chao_12.40b,C,9,1784,800.813
chao_12.40b,C,10,1801,785.866
chao_12.40b,R,1,1716,888.976
chao_12.40b,R,2,1697,906.666
chao_12.40b,R,3,1709,840.535
chao_12.40b,R,4,1713,874.322
chao_12.40b,R,5,1725,844.123
chao_12.40b,R,6,1712,884.908
chao_12.40b,R,7,1728,836.521
chao_12.40b,R,8,1716,858.584
chao_12.40b,R,9,1724,833.071
chao_12.40b,R,10,1713,836.397
chao_12.40c,B,1,1370,941.512
chao_12.40c,B,2,1342,903.87
chao_12.40c,B,3,1330,890.601
chao_12.40c,B,4,1326,935.777
chao_12.40c,B,5,1342,908.307
chao_12.40c,B,6,1372,938.823
chao_12.40c,B,7,1339,935.089
chao_12.40c,B,8,1343,924.024
chao_12.40c,B,9,1336,881.585
chao_12.40c,B,10,1319,972.515
chao_12.40c,C,1,1564,882.477
chao_12.40c,C,2,1525,888.61
chao_12.40c,C,3,1553,931.779
chao_12.40c,C,4,1554,903.157
chao_12.40c,C,5,1540,951.79
chao_12.40c,C,6,1556,899.931
chao_12.40c,C,7,1534,922.431
chao_12.40c,C,8,1543,905.617
chao_12.40c,C,9,1550,929.881
chao_12.40c,C,10,1548,901.82
chao_12.40c,R,1,1247,963.497
chao_12.40c,R,2,1241,944.539
chao_12.40c,R,3,1258,999.78
chao_12.40c,R,4,1301,937.261
chao_12.40c,R,5,1251,979.229
chao_12.40c,R,6,1248,933.55
chao_12.40c,R,7,1240,949.006
chao_12.40c,R,8,1270,978.462
chao_12.40c,R,9,1257,975.233
chao_12.40c,R,10,1258,942.342
chao_2.25,B,1,742,517.684
chao_2.25,B,2,772,487.244
chao_2.25,B,3,754,510.58
chao_2.25,B,4,750,501.594
chao_2.25,B,5,749,516.885
chao_2.25,B,6,753,511.619
chao_2.25,B,7,747,522.387
chao_2.25,B,8,756,520.333
chao_2.25,B,9,761,526.118
chao_2.25,B,10,750,493.124
chao_2.25,C,1,770,525.077
chao_2.25,C,2,786,530.756
chao_2.25,C,3,780,506.056
chao_2.25,C,4,775,514.47
chao_2.25,C,5,788,508.063
chao_2.25,C,6,786,521.475
chao_2.25,C,7,790,502.857
chao_2.25,C,8,765,507.125
chao_2.25,C,9,775,534.627
chao_2.25,C,10,775,525.125
chao_2.25,R,1,748,521.405
chao_2.25,R,2,749,527.99
chao_2.25,R,3,735,538.16
chao_2.25,R,4,738,488.063
chao_2.25,R,5,744,519.32
chao_2.25,R,6,754,550.513
chao_2.25,R,7,752,524.453
chao_2.25,R,8,741,541.729
chao_2.25,R,9,746,532.394
chao_2.25,R,10,751,533.12
chao_2.30a,B,1,1141,591.798
chao_2.30a,B,2,1071,611.238
chao_2.30a,B,3,1063,565.604
chao_2.30a,B,4,1054,592.066
chao_2.30a,B,5,1059,606.492
chao_2.30a,B,6,1068,579.635
chao_2.30a,B,7,1055,576.409
chao_2.30a,B,8,1050,599.37
chao_2.30a,B,9,1058,573.038
chao_2.30a,B,10,1066,585.378
chao_2.30a,C,1,1088,620.231
chao_2.30a,C,2,1095,598.163
chao_2.30a,C,3,1084,580.224
chao_2.30a,C,4,1083,590.814
chao_2.30a,C,5,1094,593.615
chao_2.30a,C,6,1112,582.145
chao_2.30a,C,7,1095,598.495
chao_2.30a,C,8,1105,580.229
chao_2.30a,C,9,1092,612.654
chao_2.30a,C,10,1107,617.083
chao_2.30a,R,1,1072,584.498
chao_2.30a,R,2,1057,598.303
chao_2.30a,R,3,1061,627.35
chao_2.30a,R,4,1064,613.948
chao_2.30a,R,5,1061,602.386
chao_2.30a,R,6,1062,599.439
chao_2.30a,R,7,1073,587.997
chao_2.30a,R,8,1062,619.8
chao_2.30a,R,9,1047,612.575
chao_2.30a,R,10,1107,626.711
chao_2.30b,B,1,1050,567.977
chao_2.30b,B,2,1060,541.435
chao_2.30b,B,3,1050,527.945
chao_2.30b,B,4,1044,560.828
chao_2.30b,B,5,1047,548.808
chao_2.30b,B,6,1056,548.427
chao_2.30b,B,7,1043,545.257
chao_2.30b,B,8,1051,537.191
chao_2.30b,B,9,1060,576.463
chao_2.30b,B,10,1043,523.855
chao_2.30b,C,1,1092,535.15
chao_2.30b,C,2,1080,557.795
chao_2.30b,C,3,1076,552.435
chao_2.30b,C,4,1068,559.512
chao_2.30b,C,5,1098,576.216
chao_2.30b,C,6,1081,530.838
chao_2.30b,C,7,1099,515.388
chao_2.30b,C,8,1081,518.578
chao_2.30b,C,9,1082,567.723
chao_2.30b,C,10,1090,545.274
chao_2.30b,R,1,1035,613.941
chao_2.30b,R,2,1048,558.95
chao_2.30b,R,3,1067,586.332
chao_2.30b,R,4,1042,561.923
chao_2.30b,R,5,1039,597.65
chao_2.30b,R,6,1036,579.828
chao_2.30b,R,7,1048,567.713
chao_2.30b,R,8,1089,610.456
chao_2.30b,R,9,1079,562.616
chao_2.30b,R,10,1035,577.524
chao_2.30c,B,1,900,558.742
chao_2.30c,B,2,901,558.732
chao_2.30c,B,3,898,563.381
chao_2.30c,B,4,897,551.818
chao_2.30c,B,5,880,550.006
chao_2.30c,B,6,906,569.807
chao_2.30c,B,7,893,544.445
chao_2.30c,B,8,899,566.156
chao_2.30c,B,9,889,550.556
chao_2.30c,B,10,887,563.792
chao_2.30c,C,1,1013,522.687
chao_2.30c,C,2,1010,534.518
chao_2.30c,C,3,1029,485.099
chao_2.30c,C,4,1029,549.88
chao_2.30c,C,5,1013,522.965
chao_2.30c,C,6,1020,517.179
chao_2.30c,C,7,1037,552.424
chao_2.30c,C,8,1006,562.054
chao_2.30c,C,9,1025,547.017
chao_2.30c,C,10,1044,564.787
chao_2.30c,R,1,865,578.474
chao_2.30c,R,2,869,567.253
chao_2.30c,R,3,872,533.568
chao_2.30c,R,4,860,542.431
chao_2.30c,R,5,862,579.478
chao_2.30c,R,6,877,562.124
chao_2.30c,R,7,873,559.844
chao_2.30c,R,8,877,576.711
chao_2.30c,R,9,861,576.369
chao_2.30c,R,10,876,586.138
chao_2.40a,B,1,1853,820.203
chao_2.40a,B,2,1744,786.736
chao_2.40a,B,3,1750,794.984
chao_2.40a,B,4,1728,783.661
chao_2.40a,B,5,1752,835.12
chao_2.40a,B,6,1750,840.54
chao_2.40a,B,7,1743,783.1
chao_2.40a,B,8,1748,813.84
chao_2.40a,B,9,1764,786.16
chao_2.40a,B,10,1723,808.197
chao_2.40a,C,1,1807,805.863
chao_2.40a,C,2,1809,793.107
chao_2.40a,C,3,1777,816.887
chao_2.40a,C,4,1770,751.488
chao_2.40a,C,5,1788,802.689
chao_2.40a,C,6,1800,781.167
chao_2.40a,C,7,1813,797.684
chao_2.40a,C,8,1838,759.465
chao_2.40a,C,9,1830,785.06
chao_2.40a,C,10,1837,809.625
chao_2.40a,R,1,1760,824.564
chao_2.40a,R,2,1739,821.529
chao_2.40a,R,3,1750,813.235
chao_2.40a,R,4,1736,801.957
chao_2.40a,R,5,1754,826.913
chao_2.40a,R,6,1738,812.826
chao_2.40a,R,7,1758,798.479
chao_2.40a,R,8,1757,800.551
chao_2.40a,R,9,1763,774.298
chao_2.40a,R,10,1743,846.938
chao_2.40b,B,1,1761,746.675
chao_2.40b,B,2,1743,743.248
chao_2.40b,B,3,1721,719.824
chao_2.40b,B,4,1718,707.829
chao_2.40b,B,5,1740,750.395
chao_2.40b,B,6,1764,731.526
chao_2.40b,B,7,1742,697.747
chao_2.40b,B,8,1728,681.16
chao_2.40b,B,9,1756,726.787
chao_2.40b,B,10,1747,723.089
chao_2.40b,C,1,1801,756.222
chao_2.40b,C,2,1797,736.164
chao_2.40b,C,3,1796,715.398
chao_2.40b,C,4,1792,735.755
chao_2.40b,C,5,1777,749.064
chao_2.40b,C,6,1790,753.21
chao_2.40b,C,7,1794,743.148
chao_2.40b,C,8,1788,744.952
chao_2.40b,C,9,1778,729.741
chao_2.40b,C,10,1748,736.02
chao_2.40b,R,1,1744,698.64
chao_2.40b,R,2,1748,774.183
chao_2.40b,R,3,1746,777.275
chao_2.40b,R,4,1834,760.597
chao_2.40b,R,5,1754,664.849
chao_2.40b,R,6,1750,769.537
chao_2.40b,R,7,1753,795.284
chao_2.40b,R,8,1740,743.612
chao_2.40b,R,9,1754,789.663
chao_2.40b,R,10,1742,766.57
chao_2.40c,B,1,1384,762.963
chao_2.40c,B,2,1380,792.413
chao_2.40c,B,3,1387,741.496
chao_2.40c,B,4,1396,742.697
chao_2.40c,B,5,1423,728.19
chao_2.40c,B,6,1387,778.617
chao_2.40c,B,7,1401,743.581
chao_2.40c,B,8,1419,771.2
chao_2.40c,B,9,1403,741.01
chao_2.40c,B,10,1409,750.121
chao_2.40c,C,1,1620,729.564
chao_2.40c,C,2,1597,729.8
chao_2.40c,C,3,1629,727.76
chao_2.40c,C,4,1779,731.805
chao_2.40c,C,5,1639,735.397
chao_2.40c,C,6,1603,742.555
chao_2.40c,C,7,1625,717.934
chao_2.40c,C,8,1614,719.364
chao_2.40c,C,9,1652,733.672
chao_2.40c,C,10,1643,704.311
chao_2.40c,R,1,1365,790.951
chao_2.40c,R,2,1338,793.326
chao_2.40c,R,3,1345,771.285
chao_2.40c,R,4,1337,794.109
chao_2.40c,R,5,1342,814.907
chao_2.40c,R,6,1332,738.805
chao_2.40c,R,7,1353,786.833
chao_2.40c,R,8,1343,800.72
chao_2.40c,R,9,1336,805.316
chao_2.40c,R,10,1360,768.823
chao_3.25,B,1,750,543.972
chao_3.25,B,2,756,514.985
chao_3.25,B,3,748,546.423
chao_3.25,B,4,746,526.089
chao_3.25,B,5,758,535.68
chao_3.25,B,6,760,542.111
chao_3.25,B,7,748,550.165
chao_3.25,B,8,761,518.766
chao_3.25,B,9,766,519.215
chao_3.25,B,10,763,537.991
chao_3.25,C,1,783,547.775
chao_3.25,C,2,774,544.117
chao_3.25,C,3,786,551.904
chao_3.25,C,4,791,533.433
chao_3.25,C,5,794,556.959
chao_3.25,C,6,776,530.473
chao_3.25,C,7,772,553.784
chao_3.25,C,8,771,546.932
chao_3.25,C,9,785,529.639
chao_3.25,C,10,775,552.35
chao_3.25,R,1,736,562.032
chao_3.25,R,2,735,518.714
chao_3.25,R,3,753,547.204
chao_3.25,R,4,743,570.057
chao_3.25,R,5,728,554.332
chao_3.25,R,6,727,540.126
chao_3.25,R,7,743,560.828
chao_3.25,R,8,734,551.357
chao_3.25,R,9,733,564.5
chao_3.25,R,10,742,548.088
chao_3.30a,B,1,1071,628.624
chao_3.30a,B,2,1079,623.094
chao_3.30a,B,3,1059,609.267
chao_3.30a,B,4,1053,582.525
chao_3.30a,B,5,1054,619.266
chao_3.30a,B,6,1067,626.81
chao_3.30a,B,7,1075,611.577
chao_3.30a,B,8,1054,606.304
chao_3.30a,B,9,1059,585.359
chao_3.30a,B,10,1056,585.152
chao_3.30a,C,1,1110,639.596
chao_3.30a,C,2,1090,615.754
chao_3.30a,C,3,1090,632.952
chao_3.30a,C,4,1132,623.48
chao_3.30a,C,5,1103,602.305
chao_3.30a,C,6,1122,634.204
chao_3.30a,C,7,1089,627.19
chao_3.30a,C,8,1103,621.951
chao_3.30a,C,9,1110,635.13
chao_3.30a,C,10,1104,626.068
chao_3.30a,R,1,1052,638.376
chao_3.30a,R,2,1047,587.771
chao_3.30a,R,3,1051,640.746
chao_3.30a,R,4,1071,611.675
chao_3.30a,R,5,1038,625.52
chao_3.30a,R,6,1057,608.208
chao_3.30a,R,7,1057,626.482
chao_3.30a,R,8,1045,639.433
chao_3.30a,R,9,1037,638.419
chao_3.30a,R,10,1054,635.628
chao_3.30b,B,1,1052,589.465
chao_3.30b,B,2,1050,571.678
chao_3.30b,B,3,1042,562.116
chao_3.30b,B,4,1048,588.14
chao_3.30b,B,5,1048,573.129
chao_3.30b,B,6,1043,577.136
chao_3.30b,B,7,1043,605.752
chao_3.30b,B,8,1049,590.357
chao_3.30b,B,9,1045,563.491
chao_3.30b,B,10,1037,586.491
chao_3.30b,C,1,1077,569.539
chao_3.30b,C,2,1054,545.63
chao_3.30b,C,3,1082,549.256
chao_3.30b,C,4,1077,564.492
chao_3.30b,C,5,1096,557.421
chao_3.30b,C,6,1093,573.233
chao_3.30b,C,7,1073,549.244
chao_3.30b,C,8,1069,545.896
chao_3.30b,C,9,1086,559.706
chao_3.30b,C,10,1070,537.551
chao_3.30b,R,1,1030,612.272
chao_3.30b,R,2,1033,590.445
chao_3.30b,R,3,1036,605.826
chao_3.30b,R,4,1037,606.077
chao_3.30b,R,5,1028,621.674
chao_3.30b,R,6,1030,593.496
chao_3.30b,R,7,1036,590.576
chao_3.30b,R,8,1023,602.903
chao_3.30b,R,9,1038,618.538
chao_3.30b,R,10,1027,581.324
chao_3.30c,B,1,906,564.681
chao_3.30c,B,2,904,528.537
chao_3.30c,B,3,884,575.117
chao_3.30c,B,4,888,554.114
chao_3.30c,B,5,890,559.794
chao_3.30c,B,6,903,572.315
chao_3.30c,B,7,913,548.035
chao_3.30c,B,8,899,558.249
chao_3.30c,B,9,888,546.903
chao_3.30c,B,10,898,575.272
chao_3.30c,C,1,1019,556.56
chao_3.30c,C,2,1021,561.578
chao_3.30c,C,3,1030,560.718
chao_3.30c,C,4,1076,512.984
chao_3.30c,C,5,1010,518.885
chao_3.30c,C,6,1033,570.86
chao_3.30c,C,7,1022,555.526
chao_3.30c,C,8,1012,555.914
chao_3.30c,C,9,1030,542.321
chao_3.30c,C,10,1068,558.015
chao_3.30c,R,1,872,601.989
chao_3.30c,R,2,864,588.366
chao_3.30c,R,3,888,520.228
chao_3.30c,R,4,878,599.073
chao_3.30c,R,5,881,593.273
chao_3.30c,R,6,879,598.187
chao_3.30c,R,7,891,595.359
chao_3.30c,R,8,888,568.055
chao_3.30c,R,9,872,569.82
chao_3.30c,R,10,896,596.64
chao_3.40a,B,1,1737,873.169
chao_3.40a,B,2,1726,849.246
chao_3.40a,B,3,1748,835.21
chao_3.40a,B,4,1735,875.665
chao_3.40a,B,5,1732,871.609
chao_3.40a,B,6,1763,870.941
chao_3.40a,B,7,1745,879.877
chao_3.40a,B,8,1751,858.668
chao_3.40a,B,9,1805,
chao_3.40a,B,10,1753,863.102
chao_3.40a,C,1,1831,826.253
chao_3.40a,C,2,1806,805.435
chao_3.40a,C,3,1814,741.259
chao_3.40a,C,4,1790,806.585
chao_3.40a,C,5,1838,837.28
chao_3.40a,C,6,1800,854.122
chao_3.40a,C,7,1816,878.304
chao_3.40a,C,8,1841,869.404
chao_3.40a,C,9,1847,815.896
chao_3.40a,C,10,1799,871.304
chao_3.40a,R,1,1739,866.942
chao_3.40a,R,2,1754,847.703
chao_3.40a,R,3,1740,878.826
chao_3.40a,R,4,1755,850.445
chao_3.40a,R,5,1760,866.451
chao_3.40a,R,6,1744,882.957
chao_3.40a,R,7,1799,863.275
chao_3.40a,R,8,1743,859.743
chao_3.40a,R,9,1757,858.969
chao_3.40a,R,10,1749,867.776
chao_3.40b,B,1,1748,790.4
chao_3.40b,B,2,1763,747.939
chao_3.40b,B,3,1726,767.14
chao_3.40b,B,4,1728,755.51
chao_3.40b,B,5,1756,792.456
chao_3.40b,B,6,1761,798.783
chao_3.40b,B,7,1740,781.549
chao_3.40b,B,8,1736,713.177
chao_3.40b,B,9,1734,736.512
chao_3.40b,B,10,1743,802.123
chao_3.40b,C,1,1805,730.898
chao_3.40b,C,2,1809,799.339
chao_3.40b,C,3,1805,758.948
chao_3.40b,C,4,1784,735.156
chao_3.40b,C,5,1799,748.744
chao_3.40b,C,6,1774,691.933
chao_3.40b,C,7,1797,789.598
chao_3.40b,C,8,1791,783.474
chao_3.40b,C,9,1790,776.612
chao_3.40b,C,10,1803,780.657
chao_3.40b,R,1,1741,794.383
chao_3.40b,R,2,1735,805.161
chao_3.40b,R,3,1729,799.436
chao_3.40b,R,4,1745,838.069
chao_3.40b,R,5,1751,801.759
chao_3.40b,R,6,1723,833.262
chao_3.40b,R,7,1729,813.751
chao_3.40b,R,8,1731,782.648
chao_3.40b,R,9,1721,816.691
chao_3.40b,R,10,1726,820.452
chao_3.40c,B,1,1405,727.405
chao_3.40c,B,2,1432,740.707
chao_3.40c,B,3,1410,762.346
chao_3.40c,B,4,1416,745.192
chao_3.40c,B,5,1450,747.624
chao_3.40c,B,6,1451,751.998
chao_3.40c,B,7,1430,727.362
chao_3.40c,B,8,1445,745.125
chao_3.40c,B,9,1401,755.062
chao_3.40c,B,10,1423,744.941
chao_3.40c,C,1,1652,748.04
chao_3.40c,C,2,1637,754.34
chao_3.40c,C,3,1677,733.511
chao_3.40c,C,4,1715,712.123
chao_3.40c,C,5,1631,752.758
chao_3.40c,C,6,1640,737.392
chao_3.40c,C,7,1605,715.2
chao_3.40c,C,8,1663,735.34
chao_3.40c,C,9,1671,725.525
chao_3.40c,C,10,1641,750.204
chao_3.40c,R,1,1351,764.533
chao_3.40c,R,2,1380,806.818
chao_3.40c,R,3,1359,757.83
chao_3.40c,R,4,1314,794.06
chao_3.40c,R,5,1353,777.996
chao_3.40c,R,6,1345,797.811
chao_3.40c,R,7,1353,814.695
chao_3.40c,R,8,1317,739.583
chao_3.40c,R,9,1343,827.793
chao_3.40c,R,10,1325,768.224
chao_4.25,B,1,770,524.455
chao_4.25,B,2,762,515.891
chao_4.25,B,3,762,507.62
chao_4.25,B,4,751,483.835
chao_4.25,B,5,762,486.114
chao_4.25,B,6,748,502.107
chao_4.25,B,7,755,494.941
chao_4.25,B,8,764,519.965
chao_4.25,B,9,758,507.063
chao_4.25,B,10,757,475.486
chao_4.25,C,1,774,491.81
chao_4.25,C,2,782,528.697
chao_4.25,C,3,782,506.228
chao_4.25,C,4,797,492.437
chao_4.25,C,5,775,517.349
chao_4.25,C,6,786,523.043
chao_4.25,C,7,782,518.395
chao_4.25,C,8,782,477.46
chao_4.25,C,9,792,470.87
chao_4.25,C,10,790,481.094
chao_4.25,R,1,774,461.854
chao_4.25,R,2,756,498.626
chao_4.25,R,3,769,495.935
chao_4.25,R,4,769,492.936
chao_4.25,R,5,774,501.542
chao_4.25,R,6,759,500.057
chao_4.25,R,7,829,482.963
chao_4.25,R,8,786,499.418
chao_4.25,R,9,760,482.176
chao_4.25,R,10,761,478.006
chao_4.30a,B,1,1085,593.085
chao_4.30a,B,2,1098,597.297
chao_4.30a,B,3,1069,591.778
chao_4.30a,B,4,1071,586.817
chao_4.30a,B,5,1079,618.357
chao_4.30a,B,6,1084,554.624
chao_4.30a,B,7,1080,607.086
chao_4.30a,B,8,1079,585.363
chao_4.30a,B,9,1086,586.187
chao_4.30a,B,10,1073,607.005
chao_4.30a,C,1,1108,581.643
chao_4.30a,C,2,1107,605.132
chao_4.30a,C,3,1117,575.639
chao_4.30a,C,4,1098,586.277
chao_4.30a,C,5,1131,586.738
chao_4.30a,C,6,1097,587.059
chao_4.30a,C,7,1109,610.55
chao_4.30a,C,8,1097,576.454
chao_4.30a,C,9,1094,607.477
chao_4.30a,C,10,1126,628.042
chao_4.30a,R,1,1096,616.159
chao_4.30a,R,2,1088,607.141
chao_4.30a,R,3,1087,562.916
chao_4.30a,R,4,1098,592.664
chao_4.30a,R,5,1102,610.055
chao_4.30a,R,6,1124,613.861
chao_4.30a,R,7,1089,612.055
chao_4.30a,R,8,1080,580.558
chao_4.30a,R,9,1091,577.757
chao_4.30a,R,10,1087,594.349
chao_4.30b,B,1,1056,535.034
chao_4.30b,B,2,1050,513.578
chao_4.30b,B,3,1050,535.847
chao_4.30b,B,4,1059,516.181
chao_4.30b,B,5,1048,530.948
chao_4.30b,B,6,1047,521.306
chao_4.30b,B,7,1051,526.967
chao_4.30b,B,8,1052,539.234
chao_4.30b,B,9,1058,510.51
chao_4.30b,B,10,1042,495.756
chao_4.30b,C,1,1086,544.268
chao_4.30b,C,2,1075,547.098
chao_4.30b,C,3,1108,551.278
chao_4.30b,C,4,1093,532.339
chao_4.30b,C,5,1086,547.226
chao_4.30b,C,6,1080,547.633
chao_4.30b,C,7,1093,539.861
chao_4.30b,C,8,1092,559.47
chao_4.30b,C,9,1071,552.25
chao_4.30b,C,10,1085,548.979
chao_4.30b,R,1,1061,537.421
chao_4.30b,R,2,1056,512.286
chao_4.30b,R,3,1077,504.212
chao_4.30b,R,4,1053,536.21
chao_4.30b,R,5,1067,531.184
chao_4.30b,R,6,1077,533.574
chao_4.30b,R,7,1045,528.511
chao_4.30b,R,8,1067,548.613
chao_4.30b,R,9,1048,546.841
chao_4.30b,R,10,1053,544.823
chao_4.30c,B,1,927,590.688
chao_4.30c,B,2,908,571.63
chao_4.30c,B,3,922,559.348
chao_4.30c,B,4,911,554.253
chao_4.30c,B,5,897,590.002
chao_4.30c,B,6,907,559.932
chao_4.30c,B,7,899,573.633
chao_4.30c,B,8,916,597.012
chao_4.30c,B,9,908,525.336
chao_4.30c,B,10,908,563.082
chao_4.30c,C,1,1022,567.327
chao_4.30c,C,2,1007,542.618
chao_4.30c,C,3,1022,540.419
chao_4.30c,C,4,1011,549.641
chao_4.30c,C,5,1012,555.577
chao_4.30c,C,6,1017,570.528
chao_4.30c,C,7,1027,582.192
chao_4.30c,C,8,998,585.014
chao_4.30c,C,9,1031,568.666
chao_4.30c,C,10,1001,554.745
chao_4.30c,R,1,884,581.399
chao_4.30c,R,2,902,586.961
chao_4.30c,R,3,896,574.967
chao_4.30c,R,4,876,592.458
chao_4.30c,R,5,881,585.193
chao_4.30c,R,6,877,537.508
chao_4.30c,R,7,937,572.615
chao_4.30c,R,8,876,604.944
chao_4.30c,R,9,885,533.939
chao_4.30c,R,10,865,549.133
chao_4.40a,B,1,1801,724.991
chao_4.40a,B,2,1740,763.512
chao_4.40a,B,3,1740,726.721
chao_4.40a,B,4,1743,739.643
chao_4.40a,B,5,1736,758.188
chao_4.40a,B,6,1760,686.667
chao_4.40a,B,7,1772,785.894
chao_4.40a,B,8,1742,759.613
chao_4.40a,B,9,1762,724.418
chao_4.40a,B,10,1752,743.64
chao_4.40a,C,1,1787,781.45
chao_4.40a,C,2,1791,713.524
chao_4.40a,C,3,1780,730.503
chao_4.40a,C,4,1771,783.667
chao_4.40a,C,5,1803,753.418
chao_4.40a,C,6,1832,748.739
chao_4.40a,C,7,1789,739.8
chao_4.40a,C,8,1795,737.129
chao_4.40a,C,9,1790,743.482
chao_4.40a,C,10,1796,685.25
chao_4.40a,R,1,1757,740.872
chao_4.40a,R,2,1778,724.952
chao_4.40a,R,3,1745,752.602
chao_4.40a,R,4,1756,747.833
chao_4.40a,R,5,1777,720.638
chao_4.40a,R,6,1773,768.305
chao_4.40a,R,7,1795,774.937
chao_4.40a,R,8,1741,744.962
chao_4.40a,R,9,1745,711.22
chao_4.40a,R,10,1762,755.291
chao_4.40b,B,1,1754,671.388
chao_4.40b,B,2,1756,631.127
chao_4.40b,B,3,1776,668.915
chao_4.40b,B,4,1822,673.07
chao_4.40b,B,5,1749,676.636
chao_4.40b,B,6,1757,644.337
chao_4.40b,B,7,1750,650.626
chao_4.40b,B,8,1739,667.461
chao_4.40b,B,9,1755,694.445
chao_4.40b,B,10,1744,666.7
chao_4.40b,C,1,1792,658.249
chao_4.40b,C,2,1781,707.023
chao_4.40b,C,3,1785,655.807
chao_4.40b,C,4,1793,708.044
chao_4.40b,C,5,1790,656.263
chao_4.40b,C,6,1781,695.083
chao_4.40b,C,7,1776,685.689
chao_4.40b,C,8,1811,666.32
chao_4.40b,C,9,1785,718.82
chao_4.40b,C,10,1806,660.554
chao_4.40b,R,1,1755,663.566
chao_4.40b,R,2,1785,662.022
chao_4.40b,R,3,1754,684.776
chao_4.40b,R,4,1744,651.859
chao_4.40b,R,5,1771,674.155
chao_4.40b,R,6,1765,681.449
chao_4.40b,R,7,1776,670.627
chao_4.40b,R,8,1766,652.793
chao_4.40b,R,9,1748,674.904
chao_4.40b,R,10,1750,660.728
chao_4.40c,B,1,1441,747.386
chao_4.40c,B,2,1448,761.891
chao_4.40c,B,3,1399,689.392
chao_4.40c,B,4,1420,735.1
chao_4.40c,B,5,1447,754.965
chao_4.40c,B,6,1416,716.075
chao_4.40c,B,7,1429,726.618
chao_4.40c,B,8,1409,697.689
chao_4.40c,B,9,1409,740.555
chao_4.40c,B,10,1406,728.847
chao_4.40c,C,1,1605,698.101
chao_4.40c,C,2,1591,707.306
chao_4.40c,C,3,1573,740.454
chao_4.40c,C,4,1604,713.431
chao_4.40c,C,5,1588,722.043
chao_4.40c,C,6,1572,695.14
chao_4.40c,C,7,1588,674.454
chao_4.40c,C,8,1632,704.231
chao_4.40c,C,9,1596,694.744
chao_4.40c,C,10,1628,683.887
chao_4.40c,R,1,1405,749.036
chao_4.40c,R,2,1415,739.378
chao_4.40c,R,3,1391,693.32
chao_4.40c,R,4,1378,743.489
chao_4.40c,R,5,1389,707.154
chao_4.40c,R,6,1381,706.305
chao_4.40c,R,7,1394,733.039
chao_4.40c,R,8,1403,734.827
chao_4.40c,R,9,1409,733.996
chao_4.40c,R,10,1400,737.424
chao_5.25,B,1,752,537.753
chao_5.25,B,2,744,554.548
chao_5.25,B,3,792,523.667
chao_5.25,B,4,753,542.338
chao_5.25,B,5,738,489.785
chao_5.25,B,6,730,507.127
chao_5.25,B,7,741,525.595
chao_5.25,B,8,722,548.199
chao_5.25,B,9,730,537.325
chao_5.25,B,10,745,475.512
chao_5.25,C,1,809,526.754
chao_5.25,C,2,792,536.993
chao_5.25,C,3,798,546.843
chao_5.25,C,4,800,516.731
chao_5.25,C,5,792,541.653
chao_5.25,C,6,793,522.846
chao_5.25,C,7,805,550.611
chao_5.25,C,8,792,534.986
chao_5.25,C,9,797,529.032
chao_5.25,C,10,794,502.9
chao_5.25,R,1,763,528.494
chao_5.25,R,2,748,520.878
chao_5.25,R,3,756,506.955
chao_5.25,R,4,755,522.705
chao_5.25,R,5,762,520.927
chao_5.25,R,6,758,515.934
chao_5.25,R,7,758,530.106
chao_5.25,R,8,760,537.487
chao_5.25,R,9,739,531.851
chao_5.25,R,10,750,521.479
chao_5.30a,B,1,1038,640.171
chao_5.30a,B,2,1043,663.808
chao_5.30a,B,3,1048,635.05
chao_5.30a,B,4,1030,634.44
chao_5.30a,B,5,1040,649.837
chao_5.30a,B,6,1027,649.381
chao_5.30a,B,7,1028,637.113
chao_5.30a,B,8,1035,631.239
chao_5.30a,B,9,1042,656.514
chao_5.30a,B,10,1148,623.029
chao_5.30a,C,1,1143,659.651
chao_5.30a,C,2,1122,640.344
chao_5.30a,C,3,1122,641.076
chao_5.30a,C,4,1128,653.577
chao_5.30a,C,5,1124,636.885
chao_5.30a,C,6,1134,620.361
chao_5.30a,C,7,1116,637.618
chao_5.30a,C,8,1112,651.591
chao_5.30a,C,9,1134,641.479
chao_5.30a,C,10,1117,664.998
chao_5.30a,R,1,1061,630.354
chao_5.30a,R,2,1066,637.375
chao_5.30a,R,3,1049,617.417
chao_5.30a,R,4,1049,637.536
chao_5.30a,R,5,1062,628.352
chao_5.30a,R,6,1059,648.817
chao_5.30a,R,7,1055,598.463
chao_5.30a,R,8,1055,611.788
chao_5.30a,R,9,1050,598.975
chao_5.30a,R,10,1049,624.957
chao_5.30b,B,1,1029,550.998
chao_5.30b,B,2,1055,575.175
chao_5.30b,B,3,1024,564.058
chao_5.30b,B,4,1043,524.92
chao_5.30b,B,5,1033,573.99
chao_5.30b,B,6,1051,576.277
chao_5.30b,B,7,1034,536.86
chao_5.30b,B,8,1055,562.458
chao_5.30b,B,9,1109,557.233
chao_5.30b,B,10,1035,532.493
chao_5.30b,C,1,1079,574.479
chao_5.30b,C,2,1079,556.2
chao_5.30b,C,3,1084,562.299
chao_5.30b,C,4,1082,561.586
chao_5.30b,C,5,1077,582.495
chao_5.30b,C,6,1105,587.308
chao_5.30b,C,7,1094,578.174
chao_5.30b,C,8,1085,531.962
chao_5.30b,C,9,1064,546.296
chao_5.30b,C,10,1101,551.843
chao_5.30b,R,1,1062,543.591
chao_5.30b,R,2,1048,559.998
chao_5.30b,R,3,1059,575.103
chao_5.30b,R,4,1064,557.612
chao_5.30b,R,5,1056,577.184
chao_5.30b,R,6,1060,535.897
chao_5.30b,R,7,1051,555.089
chao_5.30b,R,8,1050,565.53
chao_5.30b,R,9,1061,
chao_5.30b,R,10,1059,572.267
chao_5.30c,B,1,832,550.857
chao_5.30c,B,2,847,574.901
chao_5.30c,B,3,848,571.269
chao_5.30c,B,4,833,574.855
chao_5.30c,B,5,843,579.182
chao_5.30c,B,6,825,572.511
chao_5.30c,B,7,843,578.961
chao_5.30c,B,8,847,578.966
chao_5.30c,B,9,828,585.908
chao_5.30c,B,10,854,593.566
chao_5.30c,C,1,1035,570.57
chao_5.30c,C,2,1044,560.654
chao_5.30c,C,3,1029,567.406
chao_5.30c,C,4,1024,575.565
chao_5.30c,C,5,1028,537.976
chao_5.30c,C,6,1040,569.195
chao_5.30c,C,7,1026,585.861
chao_5.30c,C,8,1044,535.962
chao_5.30c,C,9,1043,579.796
chao_5.30c,C,10,1028,568.536
chao_5.30c,R,1,899,592.819
chao_5.30c,R,2,915,571.204
chao_5.30c,R,3,902,591.924
chao_5.30c,R,4,894,566.471
chao_5.30c,R,5,917,593.142
chao_5.30c,R,6,910,581.487
chao_5.30c,R,7,899,622.535
chao_5.30c,R,8,909,569.883
chao_5.30c,R,9,898,580.233
chao_5.30c,R,10,915,582.485
chao_5.40a,B,1,1748,817.291
chao_5.40a,B,2,1774,835.617
chao_5.40a,B,3,1759,844.017
chao_5.40a,B,4,1752,855.151
chao_5.40a,B,5,1755,860.056
chao_5.40a,B,6,1761,854.828
chao_5.40a,B,7,1749,859.706
chao_5.40a,B,8,1733,890.123
chao_5.40a,B,9,1755,846.049
chao_5.40a,B,10,1772,868.275
chao_5.40a,C,1,1840,817.827
chao_5.40a,C,2,1819,818.596
chao_5.40a,C,3,1817,809.658
chao_5.40a,C,4,1821,857.767
chao_5.40a,C,5,1848,872.956
chao_5.40a,C,6,1818,851.275
chao_5.40a,C,7,1838,849.854
chao_5.40a,C,8,1859,828.507
chao_5.40a,C,9,1830,836.409
chao_5.40a,C,10,1832,799.863
chao_5.40a,R,1,1792,809.666
chao_5.40a,R,2,1780,859.425
chao_5.40a,R,3,1772,854.776
chao_5.40a,R,4,1779,836.099
chao_5.40a,R,5,1754,865.772
chao_5.40a,R,6,1773,860.211
chao_5.40a,R,7,1769,885.227
chao_5.40a,R,8,1769,825.943
chao_5.40a,R,9,1803,864.627
chao_5.40a,R,10,1784,860.444
chao_5.40b,B,1,1755,709.187
chao_5.40b,B,2,1747,711.558
chao_5.40b,B,3,1755,716.135
chao_5.40b,B,4,1730,716.64
chao_5.40b,B,5,1745,695.577
chao_5.40b,B,6,1771,701.78
chao_5.40b,B,7,1725,725.603
chao_5.40b,B,8,1734,713.438
chao_5.40b,B,9,1745,719.883
chao_5.40b,B,10,1719,700.843
chao_5.40b,C,1,1819,707.81
chao_5.40b,C,2,1904,712.234
chao_5.40b,C,3,1817,676.828
chao_5.40b,C,4,1830,726.915
chao_5.40b,C,5,1819,653.134
chao_5.40b,C,6,1841,716.476
chao_5.40b,C,7,1812,735.433
chao_5.40b,C,8,1783,741.987
chao_5.40b,C,9,1797,717.551
chao_5.40b,C,10,1793,724.042
chao_5.40b,R,1,1741,728.13
chao_5.40b,R,2,1767,730.387
chao_5.40b,R,3,1761,693.31
chao_5.40b,R,4,1759,696.282
chao_5.40b,R,5,1758,708.641
chao_5.40b,R,6,1741,709.512
chao_5.40b,R,7,1759,659.458
chao_5.40b,R,8,1753,711.243
chao_5.40b,R,9,1889,708.237
chao_5.40b,R,10,1754,708.512
chao_5.40c,B,1,1375,822.768
chao_5.40c,B,2,1324,792.714
chao_5.40c,B,3,1333,819.623
chao_5.40c,B,4,1338,715.945
chao_5.40c,B,5,1371,796.275
chao_5.40c,B,6,1403,787.213
chao_5.40c,B,7,1344,792.451
chao_5.40c,B,8,1353,801.327
chao_5.40c,B,9,1325,781.418
chao_5.40c,B,10,1332,781.741
chao_5.40c,C,1,1651,700.689
chao_5.40c,C,2,1648,730.359
chao_5.40c,C,3,1651,781.889
chao_5.40c,C,4,1641,737.531
chao_5.40c,C,5,1698,766.288
chao_5.40c,C,6,1662,730.881
chao_5.40c,C,7,1648,771.386
chao_5.40c,C,8,1634,753.443
chao_5.40c,C,9,1750,740.492
chao_5.40c,C,10,1671,745.254
chao_5.40c,R,1,1386,810.38
chao_5.40c,R,2,1374,808.484
chao_5.40c,R,3,1349,746.652
chao_5.40c,R,4,1343,807.781
chao_5.40c,R,5,1364,786.822
chao_5.40c,R,6,1391,782.616
chao_5.40c,R,7,1384,744.747
chao_5.40c,R,8,1360,737.57
chao_5.40c,R,9,1357,835.315
chao_5.40c,R,10,1364,795.213
chao_6.25,B,1,735,617.214
chao_6.25,B,2,738,599.441
chao_6.25,B,3,729,602.994
chao_6.25,B,4,740,602.151
chao_6.25,B,5,734,600.721
chao_6.25,B,6,738,607.004
chao_6.25,B,7,724,620.794
chao_6.25,B,8,744,625.956
chao_6.25,B,9,730,605.435
chao_6.25,B,10,730,601.648
chao_6.25,C,1,797,550.63
chao_6.25,C,2,796,605.496
chao_6.25,C,3,804,569.308
chao_6.25,C,4,793,552.857
chao_6.25,C,5,787,555.09
chao_6.25,C,6,790,583.963
chao_6.25,C,7,790,573.692
chao_6.25,C,8,803,595.678
chao_6.25,C,9,794,575.305
chao_6.25,C,10,867,601.047
chao_6.25,R,1,754,561.535
chao_6.25,R,2,742,580.869
chao_6.25,R,3,752,563.804
chao_6.25,R,4,750,539.264
chao_6.25,R,5,736,592.281
chao_6.25,R,6,750,565.062
chao_6.25,R,7,767,586.836
chao_6.25,R,8,737,560.457
chao_6.25,R,9,753,547.756
chao_6.25,R,10,750,543.097
chao_6.30a,B,1,1063,737.148
chao_6.30a,B,2,1043,709.032
chao_6.30a,B,3,1025,721.681
chao_6.30a,B,4,1036,759.829
chao_6.30a,B,5,1043,757.634
chao_6.30a,B,6,1057,740.296
chao_6.30a,B,7,1029,734.895
chao_6.30a,B,8,1031,714.005
chao_6.30a,B,9,1037,734.569
chao_6.30a,B,10,1039,730.382
chao_6.30a,C,1,1129,685.315
chao_6.30a,C,2,1113,722.521
chao_6.30a,C,3,1127,629.308
chao_6.30a,C,4,1142,713.072
chao_6.30a,C,5,1128,693.37
chao_6.30a,C,6,1141,695.328
chao_6.30a,C,7,1115,700.991
chao_6.30a,C,8,1129,668.572
chao_6.30a,C,9,1110,649.505
chao_6.30a,C,10,1121,661.078
chao_6.30a,R,1,1056,714.695
chao_6.30a,R,2,1107,665.469
chao_6.30a,R,3,1057,692.479
chao_6.30a,R,4,1054,704.958
chao_6.30a,R,5,1055,696.481
chao_6.30a,R,6,1038,693.117
chao_6.30a,R,7,1039,693.663
chao_6.30a,R,8,1050,675.434
chao_6.30a,R,9,1058,673.716
chao_6.30a,R,10,1070,717.407
chao_6.30b,B,1,1069,614.366
chao_6.30b,B,2,1047,627.333
chao_6.30b,B,3,1044,597.036
chao_6.30b,B,4,1048,592.027
chao_6.30b,B,5,1049,654.198
chao_6.30b,B,6,1046,606.7
chao_6.30b,B,7,1041,646.863
chao_6.30b,B,8,1049,636.664
chao_6.30b,B,9,1052,594.371
chao_6.30b,B,10,1046,642.843
chao_6.30b,C,1,1074,616.19
chao_6.30b,C,2,1079,573.238
chao_6.30b,C,3,1084,611.106
chao_6.30b,C,4,1085,574.299
chao_6.30b,C,5,1091,626.446
chao_6.30b,C,6,1083,613.015
chao_6.30b,C,7,1102,592.63
chao_6.30b,C,8,1097,625.86
chao_6.30b,C,9,1083,586.293
chao_6.30b,C,10,1074,571.588
chao_6.30b,R,1,1077,618.95
chao_6.30b,R,2,1059,616.723
chao_6.30b,R,3,1049,586.982
chao_6.30b,R,4,1059,626.632
chao_6.30b,R,5,1045,574.858
chao_6.30b,R,6,1055,607.444
chao_6.30b,R,7,1053,595.773
chao_6.30b,R,8,1065,624.191
chao_6.30b,R,9,1057,594.084
chao_6.30b,R,10,1063,622.177
chao_6.30c,B,1,830,630.886
chao_6.30c,B,2,848,654.026
chao_6.30c,B,3,848,620.516
chao_6.30c,B,4,836,614.191
chao_6.30c,B,5,844,628.055
chao_6.30c,B,6,829,624.567
chao_6.30c,B,7,826,622.64
chao_6.30c,B,8,828,593.417
chao_6.30c,B,9,837,641.494
chao_6.30c,B,10,822,623.573
chao_6.30c,C,1,1037,607.922
chao_6.30c,C,2,1048,619.985
chao_6.30c,C,3,1028,595.857
chao_6.30c,C,4,1026,621.702
chao_6.30c,C,5,1026,609.9
chao_6.30c,C,6,1028,590.113
chao_6.30c,C,7,1039,630.849
chao_6.30c,C,8,1043,628.071
chao_6.30c,C,9,1037,603.718
chao_6.30c,C,10,1028,606.622
chao_6.30c,R,1,886,615.166
chao_6.30c,R,2,881,568.213
chao_6.30c,R,3,922,634.821
chao_6.30c,R,4,894,630.763
chao_6.30c,R,5,890,586.459
chao_6.30c,R,6,890,585.644
chao_6.30c,R,7,893,600.923
chao_6.30c,R,8,898,601.402
chao_6.30c,R,9,886,621.586
chao_6.30c,R,10,887,607.897
chao_6.40a,B,1,1775,951.303
chao_6.40a,B,2,1747,960.837
chao_6.40a,B,3,1748,896.755
chao_6.40a,B,4,1766,962.847
chao_6.40a,B,5,1796,860.479
chao_6.40a,B,6,1761,947.212
chao_6.40a,B,7,1779,940.45
chao_6.40a,B,8,1768,952.898
chao_6.40a,B,9,1769,949.995
chao_6.40a,B,10,1751,891.369
chao_6.40a,C,1,1857,877.526
chao_6.40a,C,2,1849,912.539
chao_6.40a,C,3,1887,881.823
chao_6.40a,C,4,1933,897.834
chao_6.40a,C,5,1856,905.679
chao_6.40a,C,6,1871,906.884
chao_6.40a,C,7,1885,873.39
chao_6.40a,C,8,1898,902.758
chao_6.40a,C,9,1878,910.144
chao_6.40a,C,10,1876,919.973
chao_6.40a,R,1,1786,841.966
chao_6.40a,R,2,1772,913.104
chao_6.40a,R,3,1768,916.186
chao_6.40a,R,4,1786,918.608
chao_6.40a,R,5,1747,883.313
chao_6.40a,R,6,1781,866.784
chao_6.40a,R,7,1786,911.82
chao_6.40a,R,8,1763,891.013
chao_6.40a,R,9,1760,914.467
chao_6.40a,R,10,1761,904.867
chao_6.40b,B,1,1795,779.438
chao_6.40b,B,2,1815,753.285
chao_6.40b,B,3,1724,753.988
chao_6.40b,B,4,1731,787.212
chao_6.40b,B,5,1752,746.032
chao_6.40b,B,6,1735,756.482
chao_6.40b,B,7,1751,791.52
chao_6.40b,B,8,1737,754.752
chao_6.40b,B,9,1730,762.26
chao_6.40b,B,10,1745,775.135
chao_6.40b,C,1,1814,737.434
chao_6.40b,C,2,1825,750.948
chao_6.40b,C,3,1787,736.64
chao_6.40b,C,4,1777,761.122
chao_6.40b,C,5,1797,766.38
chao_6.40b,C,6,1852,763.716
chao_6.40b,C,7,1778,775.067
chao_6.40b,C,8,1853,761.454
chao_6.40b,C,9,1844,759.201
chao_6.40b,C,10,1816,769.695
chao_6.40b,R,1,1740,751.703
chao_6.40b,R,2,1752,751.767
chao_6.40b,R,3,1759,771.601
chao_6.40b,R,4,1740,677.698
chao_6.40b,R,5,1760,753.822
chao_6.40b,R,6,1744,749.389
chao_6.40b,R,7,1741,698.045
chao_6.40b,R,8,1740,733.442
chao_6.40b,R,9,1739,745.933
chao_6.40b,R,10,1737,733.842
chao_6.40c,B,1,1417,818.763
chao_6.40c,B,2,1420,792.081
chao_6.40c,B,3,1371,824.309
chao_6.40c,B,4,1391,779.917
chao_6.40c,B,5,1377,813.519
chao_6.40c,B,6,1397,805.32
chao_6.40c,B,7,1368,781.179
chao_6.40c,B,8,1465,824.728
chao_6.40c,B,9,1387,790.378
chao_6.40c,B,10,1384,827.282
chao_6.40c,C,1,1671,760.15
chao_6.40c,C,2,1691,787.437
chao_6.40c,C,3,1729,769.328
chao_6.40c,C,4,1671,790.458
chao_6.40c,C,5,1680,747.046
chao_6.40c,C,6,1674,743.105
chao_6.40c,C,7,1687,754.127
chao_6.40c,C,8,1667,781.14
chao_6.40c,C,9,1672,755.965
chao_6.40c,C,10,1710,778.879
chao_6.40c,R,1,1378,808.739
chao_6.40c,R,2,1385,788.194
chao_6.40c,R,3,1395,805.517
chao_6.40c,R,4,1393,791.496
chao_6.40c,R,5,1389,815.935
chao_6.40c,R,6,1388,812.965
chao_6.40c,R,7,1372,782.919
chao_6.40c,R,8,1427,773.115
chao_6.40c,R,9,1381,806.625
chao_6.40c,R,10,1378,740.274
chao_7.25,B,1,737,467.482
chao_7.25,B,2,747,443.018
chao_7.25,B,3,731,434.714
chao_7.25,B,4,738,450.172
chao_7.25,B,5,743,462.358
chao_7.25,B,6,736,460.266
chao_7.25,B,7,732,449.255
chao_7.25,B,8,749,463.987
chao_7.25,B,9,744,442.423
chao_7.25,B,10,737,458.484
chao_7.25,C,1,763,482.697
chao_7.25,C,2,775,471.904
chao_7.25,C,3,760,489.697
chao_7.25,C,4,775,457.348
chao_7.25,C,5,773,479.852
chao_7.25,C,6,754,484.499
chao_7.25,C,7,776,488.579
chao_7.25,C,8,764,484.757
chao_7.25,C,9,766,471.953
chao_7.25,C,10,763,477.343
chao_7.25,R,1,740,469.266
chao_7.25,R,2,740,482.506
chao_7.25,R,3,749,457.943
chao_7.25,R,4,741,464.427
chao_7.25,R,5,735,478.529
chao_7.25,R,6,740,475.822
chao_7.25,R,7,741,484.42
chao_7.25,R,8,739,461.38
chao_7.25,R,9,733,475.365
chao_7.25,R,10,735,494.094
chao_7.30a,B,1,1037,560.57
chao_7.30a,B,2,1054,579.233
chao_7.30a,B,3,1031,562.752
chao_7.30a,B,4,1050,584.048
chao_7.30a,B,5,1048,584.341
chao_7.30a,B,6,1071,573.579
chao_7.30a,B,7,1048,545.014
chao_7.30a,B,8,1036,582.813
chao_7.30a,B,9,1069,554.256
chao_7.30a,B,10,1041,561.354
chao_7.30a,C,1,1100,561.431
chao_7.30a,C,2,1088,577.852
chao_7.30a,C,3,1074,578.628
chao_7.30a,C,4,1080,529.956
chao_7.30a,C,5,1075,561.79
chao_7.30a,C,6,1095,556.723
chao_7.30a,C,7,1088,577.093
chao_7.30a,C,8,1067,588.922
chao_7.30a,C,9,1065,554.944
chao_7.30a,C,10,1073,574.813
chao_7.30a,R,1,1066,610.545
chao_7.30a,R,2,1055,599.467
chao_7.30a,R,3,1055,603.125
chao_7.30a,R,4,1054,646.784
chao_7.30a,R,5,1045,601.893
chao_7.30a,R,6,1038,615.896
chao_7.30a,R,7,1068,641.116
chao_7.30a,R,8,1047,609.491
chao_7.30a,R,9,1048,611.775
chao_7.30a,R,10,1035,616.938
chao_7.30b,B,1,1052,530.106
chao_7.30b,B,2,1054,497.119
chao_7.30b,B,3,1047,524.977
chao_7.30b,B,4,1109,510.748
chao_7.30b,B,5,1069,522.417
chao_7.30b,B,6,1052,512.638
chao_7.30b,B,7,1069,504.621
chao_7.30b,B,8,1047,507.015
chao_7.30b,B,9,1051,532.434
chao_7.30b,B,10,1046,498.026
chao_7.30b,C,1,1075,572.178
chao_7.30b,C,2,1081,539.316
chao_7.30b,C,3,1093,562.529
chao_7.30b,C,4,1072,567.179
chao_7.30b,C,5,1078,583.094
chao_7.30b,C,6,1069,514.718
chao_7.30b,C,7,1073,560.402
chao_7.30b,C,8,1076,579.026
chao_7.30b,C,9,1083,543.96
chao_7.30b,C,10,1082,577.799
chao_7.30b,R,1,1059,565.262
chao_7.30b,R,2,1053,581.674
chao_7.30b,R,3,1052,570.212
chao_7.30b,R,4,1074,579.437
chao_7.30b,R,5,1044,571.187
chao_7.30b,R,6,1063,603.363
chao_7.30b,R,7,1046,584.867
chao_7.30b,R,8,1062,582.179
chao_7.30b,R,9,1056,606.854
chao_7.30b,R,10,1054,591.939
chao_7.30c,B,1,954,539.458
chao_7.30c,B,2,960,528.231
chao_7.30c,B,3,987,555.482
chao_7.30c,B,4,1063,553.763
chao_7.30c,B,5,971,576.203
chao_7.30c,B,6,964,513.107
chao_7.30c,B,7,966,564.699
chao_7.30c,B,8,978,535.833
chao_7.30c,B,9,965,555.393
chao_7.30c,B,10,968,537.976
chao_7.30c,C,1,1039,529.222
chao_7.30c,C,2,1036,521.382
chao_7.30c,C,3,1072,554.397
chao_7.30c,C,4,1047,547.294
chao_7.30c,C,5,1046,535.387
chao_7.30c,C,6,1026,546.054
chao_7.30c,C,7,1062,537.734
chao_7.30c,C,8,1049,516.07
chao_7.30c,C,9,1044,534.718
chao_7.30c,C,10,1043,536.281
chao_7.30c,R,1,923,573.829
chao_7.30c,R,2,930,
chao_7.30c,R,3,934,603.873
chao_7.30c,R,4,944,595.452
chao_7.30c,R,5,925,585.457
chao_7.30c,R,6,951,580.946
chao_7.30c,R,7,930,597.591
chao_7.30c,R,8,928,603.564
chao_7.30c,R,9,935,612.566
chao_7.30c,R,10,927,595.11
chao_7.40a,B,1,1726,732.698
chao_7.40a,B,2,1738,699.454
chao_7.40a,B,3,1780,684.544
chao_7.40a,B,4,1739,695.93
chao_7.40a,B,5,1762,700.083
chao_7.40a,B,6,1720,670.819
chao_7.40a,B,7,1741,677.187
chao_7.40a,B,8,1753,691.726
chao_7.40a,B,9,1748,715.143
chao_7.40a,B,10,1722,713.679
chao_7.40a,C,1,1799,736.086
chao_7.40a,C,2,1759,712.393
chao_7.40a,C,3,1764,712.869
chao_7.40a,C,4,1746,693.665
chao_7.40a,C,5,1766,715.794
chao_7.40a,C,6,1808,717.737
chao_7.40a,C,7,1753,716.098
chao_7.40a,C,8,1776,707.858
chao_7.40a,C,9,1792,703.722
chao_7.40a,C,10,1813,695.775
chao_7.40a,R,1,1775,769.382
chao_7.40a,R,2,1748,769.093
chao_7.40a,R,3,1750,758.047
chao_7.40a,R,4,1764,737.318
chao_7.40a,R,5,1757,774.489
chao_7.40a,R,6,1754,747.209
chao_7.40a,R,7,1746,746.04
chao_7.40a,R,8,1759,766.625
chao_7.40a,R,9,1737,781.247
chao_7.40a,R,10,1740,757.266
chao_7.40b,B,1,1725,665.061
chao_7.40b,B,2,1720,674.098
chao_7.40b,B,3,1729,699.918
chao_7.40b,B,4,1726,666.297
chao_7.40b,B,5,1722,651.823
chao_7.40b,B,6,1742,666.801
chao_7.40b,B,7,1727,652.568
chao_7.40b,B,8,1715,664.091
chao_7.40b,B,9,1749,627.855
chao_7.40b,B,10,1729,693.929
chao_7.40b,C,1,1732,590.387
chao_7.40b,C,2,1772,690.818
chao_7.40b,C,3,1750,697.098
chao_7.40b,C,4,1752,689.073
chao_7.40b,C,5,1747,673.546
chao_7.40b,C,6,1730,697.021
chao_7.40b,C,7,1732,648.587
chao_7.40b,C,8,1731,697.019
chao_7.40b,C,9,1770,679.668
chao_7.40b,C,10,1763,687.791
chao_7.40b,R,1,1704,746.572
chao_7.40b,R,2,1716,735.984
chao_7.40b,R,3,1716,744.982
chao_7.40b,R,4,1720,754.166
chao_7.40b,R,5,1713,702.919
chao_7.40b,R,6,1717,741.796
chao_7.40b,R,7,1781,692.922
chao_7.40b,R,8,1703,742.027
chao_7.40b,R,9,1716,750.324
chao_7.40b,R,10,1721,767.262
chao_7.40c,B,1,1534,683.658
chao_7.40c,B,2,1552,668.21
chao_7.40c,B,3,1536,707.501
chao_7.40c,B,4,1521,691.683
chao_7.40c,B,5,1537,701.059
chao_7.40c,B,6,1529,668.929
chao_7.40c,B,7,1526,671.826
chao_7.40c,B,8,1523,677.015
chao_7.40c,B,9,1541,686.705
chao_7.40c,B,10,1546,680.617
chao_7.40c,C,1,1692,690.052
chao_7.40c,C,2,1684,679.596
chao_7.40c,C,3,1666,689.176
chao_7.40c,C,4,1718,651.515
chao_7.40c,C,5,1702,709.332
chao_7.40c,C,6,1780,670.795
chao_7.40c,C,7,1705,685.863
chao_7.40c,C,8,1710,640.596
chao_7.40c,C,9,1727,657.409
chao_7.40c,C,10,1681,636.905
chao_7.40c,R,1,1461,754.808
chao_7.40c,R,2,1445,765.026
chao_7.40c,R,3,1485,778.495
chao_7.40c,R,4,1457,769.463
chao_7.40c,R,5,1516,741.862
chao_7.40c,R,6,1454,767.161
chao_7.40c,R,7,1538,756.266
chao_7.40c,R,8,1487,772.393
chao_7.40c,R,9,1462,749.262
chao_7.40c,R,10,1465,753.603
chao_8.25,B,1,729,505.137
chao_8.25,B,2,739,528.766
chao_8.25,B,3,740,500.478
chao_8.25,B,4,731,513.366
chao_8.25,B,5,729,522.217
chao_8.25,B,6,724,522.374
chao_8.25,B,7,724,507.383
chao_8.25,B,8,731,537.231
chao_8.25,B,9,729,512.116
chao_8.25,B,10,740,520.63
chao_8.25,C,1,765,496.705
chao_8.25,C,2,772,478.789
chao_8.25,C,3,757,507.549
chao_8.25,C,4,766,511.187
chao_8.25,C,5,762,500.835
chao_8.25,C,6,780,512.299
chao_8.25,C,7,765,512.345
chao_8.25,C,8,769,508.132
chao_8.25,C,9,765,527.894
chao_8.25,C,10,762,506.363
chao_8.25,R,1,734,530.173
chao_8.25,R,2,725,499.583
chao_8.25,R,3,722,522.174
chao_8.25,R,4,734,520.879
chao_8.25,R,5,747,551.668
chao_8.25,R,6,731,545.62
chao_8.25,R,7,734,530.541
chao_8.25,R,8,738,525.064
chao_8.25,R,9,732,543.203
chao_8.25,R,10,732,528.222
chao_8.30a,B,1,998,613.187
chao_8.30a,B,2,1017,588.73
chao_8.30a,B,3,1015,608.663
chao_8.30a,B,4,1013,593.286
chao_8.30a,B,5,1031,605.792
chao_8.30a,B,6,1018,520.371
chao_8.30a,B,7,1005,550.407
chao_8.30a,B,8,1013,528.266
chao_8.30a,B,9,1016,568.303
chao_8.30a,B,10,1015,581.592
chao_8.30a,C,1,1098,580.882
chao_8.30a,C,2,1069,591.415
chao_8.30a,C,3,1073,541.404
chao_8.30a,C,4,1093,567.494
chao_8.30a,C,5,1074,563.268
chao_8.30a,C,6,1092,537.509
chao_8.30a,C,7,1110,568.004
chao_8.30a,C,8,1104,581.12
chao_8.30a,C,9,1073,560.781
chao_8.30a,C,10,1077,569.492
chao_8.30a,R,1,1026,613.473
chao_8.30a,R,2,1034,620.407
chao_8.30a,R,3,1018,647.421
chao_8.30a,R,4,1035,626.541
chao_8.30a,R,5,1025,608.908
chao_8.30a,R,6,1046,625.382
chao_8.30a,R,7,1023,594.762
chao_8.30a,R,8,1024,629.199
chao_8.30a,R,9,1031,643.362
chao_8.30a,R,10,1031,640.586
chao_8.30b,B,1,1064,556.561
chao_8.30b,B,2,1050,544.02
chao_8.30b,B,3,1059,540.939
chao_8.30b,B,4,1061,547.62
chao_8.30b,B,5,1042,550.512
chao_8.30b,B,6,1068,536.987
chao_8.30b,B,7,1040,520.068
chao_8.30b,B,8,1053,525.095
chao_8.30b,B,9,1049,557.408
chao_8.30b,B,10,1056,544.221
chao_8.30b,C,1,1092,601.496
chao_8.30b,C,2,1082,561.696
chao_8.30b,C,3,1098,602.92
chao_8.30b,C,4,1071,583.73
chao_8.30b,C,5,1094,573.363
chao_8.30b,C,6,1109,608.58
chao_8.30b,C,7,1106,528.706
chao_8.30b,C,8,1091,589.765
chao_8.30b,C,9,1086,604.722
chao_8.30b,C,10,1082,575.495
chao_8.30b,R,1,1049,600.455
chao_8.30b,R,2,1045,564.642
chao_8.30b,R,3,1040,621.037
chao_8.30b,R,4,1064,581.087
chao_8.30b,R,5,1052,582.841
chao_8.30b,R,6,1061,603.515
chao_8.30b,R,7,1059,570.081
chao_8.30b,R,8,1055,605.737
chao_8.30b,R,9,1058,575.806
chao_8.30b,R,10,1055,598.503
chao_8.30c,B,1,872,669.687
chao_8.30c,B,2,853,615.574
chao_8.30c,B,3,862,643.641
chao_8.30c,B,4,866,619.234
chao_8.30c,B,5,853,650.324
chao_8.30c,B,6,824,631.454
chao_8.30c,B,7,842,678.291
chao_8.30c,B,8,852,696.156
chao_8.30c,B,9,842,639.827
chao_8.30c,B,10,841,662.006
chao_8.30c,C,1,991,626.743
chao_8.30c,C,2,1021,634.94
chao_8.30c,C,3,986,634.389
chao_8.30c,C,4,994,574.613
chao_8.30c,C,5,1000,642.923
chao_8.30c,C,6,1018,626.249
chao_8.30c,C,7,992,640.253
chao_8.30c,C,8,1002,630.236
chao_8.30c,C,9,1008,609.011
chao_8.30c,C,10,1015,612.543
chao_8.30c,R,1,864,706.654
chao_8.30c,R,2,858,693.817
chao_8.30c,R,3,840,694.152
chao_8.30c,R,4,840,670.052
chao_8.30c,R,5,854,680.259
chao_8.30c,R,6,843,677.787
chao_8.30c,R,7,833,703.631
chao_8.30c,R,8,847,684.303
chao_8.30c,R,9,850,663.906
chao_8.30c,R,10,858,681.35
chao_8.40a,B,1,1757,674.754
chao_8.40a,B,2,1724,715.047
chao_8.40a,B,3,1734,695.218
chao_8.40a,B,4,1748,692.06
chao_8.40a,B,5,1728,724.761
chao_8.40a,B,6,1744,711.886
chao_8.40a,B,7,1734,689.496
chao_8.40a,B,8,1756,700.079
chao_8.40a,B,9,1748,686.811
chao_8.40a,B,10,1747,712.212
chao_8.40a,C,1,1784,705.014
chao_8.40a,C,2,1823,688.291
chao_8.40a,C,3,1772,703.201
chao_8.40a,C,4,1748,658.746
chao_8.40a,C,5,1758,695.251
chao_8.40a,C,6,1797,707.767
chao_8.40a,C,7,1759,692.855
chao_8.40a,C,8,1778,713.645
chao_8.40a,C,9,1778,709.244
chao_8.40a,C,10,1758,675.17
chao_8.40a,R,1,1713,704.821
chao_8.40a,R,2,1709,720.534
chao_8.40a,R,3,1715,754.529
chao_8.40a,R,4,1716,750.816
chao_8.40a,R,5,1739,733.258
chao_8.40a,R,6,1710,746.638
chao_8.40a,R,7,1736,758.524
chao_8.40a,R,8,1703,735.755
chao_8.40a,R,9,1738,766.006
chao_8.40a,R,10,1718,745.782
chao_8.40b,B,1,1727,637.346
chao_8.40b,B,2,1729,682.295
chao_8.40b,B,3,1746,667.31
chao_8.40b,B,4,1742,693.149
chao_8.40b,B,5,1713,674.23
chao_8.40b,B,6,1720,680.996
chao_8.40b,B,7,1718,698.086
chao_8.40b,B,8,1711,701.158
chao_8.40b,B,9,1742,686.293
chao_8.40b,B,10,1706,663.528
chao_8.40b,C,1,1805,706.354
chao_8.40b,C,2,1766,681.288
chao_8.40b,C,3,1773,677.271
chao_8.40b,C,4,1736,706.131
chao_8.40b,C,5,1781,703.736
chao_8.40b,C,6,1785,677.628
chao_8.40b,C,7,1881,689.177
chao_8.40b,C,8,1752,692.081
chao_8.40b,C,9,1759,686.816
chao_8.40b,C,10,1728,664.159
chao_8.40b,R,1,1708,772.911
chao_8.40b,R,2,1725,721.295
chao_8.40b,R,3,1719,735.807
chao_8.40b,R,4,1716,755.439
chao_8.40b,R,5,1709,742.406
chao_8.40b,R,6,1715,732.717
chao_8.40b,R,7,1688,731.589
chao_8.40b,R,8,1707,728.578
chao_8.40b,R,9,1713,697.58
chao_8.40b,R,10,1715,768.802
chao_8.40c,B,1,1334,823.503
chao_8.40c,B,2,1359,846.064
chao_8.40c,B,3,1341,748.438
chao_8.40c,B,4,1328,826.207
chao_8.40c,B,5,1344,785.779
chao_8.40c,B,6,1345,822.343
chao_8.40c,B,7,1353,823.772
chao_8.40c,B,8,1319,817.913
chao_8.40c,B,9,1345,849.674
chao_8.40c,B,10,1343,819.105
chao_8.40c,C,1,1499,812.237
chao_8.40c,C,2,1511,783.95
chao_8.40c,C,3,1514,792.562
chao_8.40c,C,4,1516,737.738
chao_8.40c,C,5,1526,763.192
chao_8.40c,C,6,1531,758.345
chao_8.40c,C,7,1556,787.091
chao_8.40c,C,8,1512,789.162
chao_8.40c,C,9,1512,785.848
chao_8.40c,C,10,1540,776.936
chao_8.40c,R,1,1304,877.779
chao_8.40c,R,2,1314,846.605
chao_8.40c,R,3,1280,818.321
chao_8.40c,R,4,1297,867.323
chao_8.40c,R,5,1305,905.297
chao_8.40c,R,6,1315,864.304
chao_8.40c,R,7,1303,788.373
chao_8.40c,R,8,1312,800.906
chao_8.40c,R,9,1294,826.844
chao_8.40c,R,10,1293,884.169
chao_9.25,B,1,735,542.156
chao_9.25,B,2,749,595.678
chao_9.25,B,3,752,539.189
chao_9.25,B,4,747,531.085
chao_9.25,B,5,736,567.019
chao_9.25,B,6,741,534.71
chao_9.25,B,7,745,527.639
chao_9.25,B,8,735,525.62
chao_9.25,B,9,739,586.682
chao_9.25,B,10,735,578.175
chao_9.25,C,1,774,565.08
chao_9.25,C,2,776,535.317
chao_9.25,C,3,769,529.286
chao_9.25,C,4,777,562.537
chao_9.25,C,5,784,555.701
chao_9.25,C,6,780,560.805
chao_9.25,C,7,781,570.293
chao_9.25,C,8,769,558.917
chao_9.25,C,9,783,540.691
chao_9.25,C,10,777,563.472
chao_9.25,R,1,741,577.903
chao_9.25,R,2,750,573.679
chao_9.25,R,3,728,556.37
chao_9.25,R,4,737,562.036
chao_9.25,R,5,739,600.649
chao_9.25,R,6,735,578.195
chao_9.25,R,7,738,585.477
chao_9.25,R,8,731,572.704
chao_9.25,R,9,729,577.501
chao_9.25,R,10,734,571.149
chao_9.30a,B,1,1025,661.848
chao_9.30a,B,2,1044,657.067
chao_9.30a,B,3,1034,652.266
chao_9.30a,B,4,1043,665.614
chao_9.30a,B,5,1050,697.47
chao_9.30a,B,6,1071,679.209
chao_9.30a,B,7,1039,684.633
chao_9.30a,B,8,1031,653.221
chao_9.30a,B,9,1059,678.988
chao_9.30a,B,10,1024,668.51
chao_9.30a,C,1,1099,624.681
chao_9.30a,C,2,1078,626.356
chao_9.30a,C,3,1059,619.717
chao_9.30a,C,4,1067,636.458
chao_9.30a,C,5,1083,606.408
chao_9.30a,C,6,1082,622.706
chao_9.30a,C,7,1095,645.749
chao_9.30a,C,8,1079,624.283
chao_9.30a,C,9,1087,641.134
chao_9.30a,C,10,1082,656.622
chao_9.30a,R,1,1057,680.265
chao_9.30a,R,2,1034,667.873
chao_9.30a,R,3,1037,
chao_9.30a,R,4,1057,710.704
chao_9.30a,R,5,1026,672.555
chao_9.30a,R,6,1045,696.301
chao_9.30a,R,7,1039,711.436
chao_9.30a,R,8,1043,685.174
chao_9.30a,R,9,1044,687.85
chao_9.30a,R,10,1048,678.194
chao_9.30b,B,1,1066,593.889
chao_9.30b,B,2,1061,606.418
chao_9.30b,B,3,1065,599.166
chao_9.30b,B,4,1064,636.242
chao_9.30b,B,5,1077,632.33
chao_9.30b,B,6,1061,596.7
chao_9.30b,B,7,1058,604.139
chao_9.30b,B,8,1070,622.517
chao_9.30b,B,9,1051,610.108
chao_9.30b,B,10,1058,597.813
chao_9.30b,C,1,1091,633.879
chao_9.30b,C,2,1069,610.496
chao_9.30b,C,3,1112,582.249
chao_9.30b,C,4,1105,651.935
chao_9.30b,C,5,1087,640.617
chao_9.30b,C,6,1085,624.416
chao_9.30b,C,7,1109,630.449
chao_9.30b,C,8,1073,600.704
chao_9.30b,C,9,1091,622.206
chao_9.30b,C,10,1081,614.865
chao_9.30b,R,1,1056,646.197
chao_9.30b,R,2,1113,657.218
chao_9.30b,R,3,1062,657.362
chao_9.30b,R,4,1077,648.618
chao_9.30b,R,5,1057,659.091
chao_9.30b,R,6,1056,663.392
chao_9.30b,R,7,1051,649.755
chao_9.30b,R,8,1045,673.92
chao_9.30b,R,9,1079,651.697
chao_9.30b,R,10,1055,637.781
chao_9.30c,B,1,946,592.704
chao_9.30c,B,2,951,602.583
chao_9.30c,B,3,957,597.574
chao_9.30c,B,4,969,609.12
chao_9.30c,B,5,957,565.876
chao_9.30c,B,6,961,632.755
chao_9.30c,B,7,943,613.581
chao_9.30c,B,8,941,606.547
chao_9.30c,B,9,941,621.813
chao_9.30c,B,10,952,583.277
chao_9.30c,C,1,1028,619.135
chao_9.30c,C,2,1022,602.964
chao_9.30c,C,3,1057,584.914
chao_9.30c,C,4,1052,635.573
chao_9.30c,C,5,1031,615.932
chao_9.30c,C,6,1037,640.995
chao_9.30c,C,7,1043,588.376
chao_9.30c,C,8,1022,596.886
chao_9.30c,C,9,1018,607.201
chao_9.30c,C,10,1056,589.389
chao_9.30c,R,1,916,623.657
chao_9.30c,R,2,932,646.672
chao_9.30c,R,3,936,640.861
chao_9.30c,R,4,912,602.737
chao_9.30c,R,5,924,653.09
chao_9.30c,R,6,920,639.025
chao_9.30c,R,7,920,628.13
chao_9.30c,R,8,939,627.019
chao_9.30c,R,9,924,634.134
chao_9.30c,R,10,912,654.209
chao_9.40a,B,1,1729,766.2
chao_9.40a,B,2,1698,797.139
chao_9.40a,B,3,1697,784.574
chao_9.40a,B,4,1718,795.86
chao_9.40a,B,5,1721,792.518
chao_9.40a,B,6,1710,799.919
chao_9.40a,B,7,1758,774.458
chao_9.40a,B,8,1729,804.366
chao_9.40a,B,9,1707,826.923
chao_9.40a,B,10,1727,752.877
chao_9.40a,C,1,1775,785.308
chao_9.40a,C,2,1811,770.858
chao_9.40a,C,3,1800,780.225
chao_9.40a,C,4,1804,800.999
chao_9.40a,C,5,1811,731.744
chao_9.40a,C,6,1836,784.188
chao_9.40a,C,7,1797,798.063
chao_9.40a,C,8,1784,792.763
chao_9.40a,C,9,1784,717.769
chao_9.40a,C,10,1819,806.662
chao_9.40a,R,1,1768,850.883
chao_9.40a,R,2,1758,853.275
chao_9.40a,R,3,1747,817.329
chao_9.40a,R,4,1734,819.958
chao_9.40a,R,5,1741,841.875
chao_9.40a,R,6,1762,801.673
chao_9.40a,R,7,1734,854.931
chao_9.40a,R,8,1746,845.065
chao_9.40a,R,9,1728,835.643
chao_9.40a,R,10,1750,801.064
chao_9.40b,B,1,1717,743.658
chao_9.40b,B,2,1707,752.089
chao_9.40b,B,3,1715,763.318
chao_9.40b,B,4,1705,675.229
chao_9.40b,B,5,1721,764.164
chao_9.40b,B,6,1710,714.446
chao_9.40b,B,7,1715,707.805
chao_9.40b,B,8,1713,747.89
chao_9.40b,B,9,1750,742.064
chao_9.40b,B,10,1707,728.46
chao_9.40b,C,1,1775,722.568
chao_9.40b,C,2,1768,691.526
chao_9.40b,C,3,1756,708.026
chao_9.40b,C,4,1744,749.031
chao_9.40b,C,5,1763,669.392
chao_9.40b,C,6,1801,755.434
chao_9.40b,C,7,1787,741.549
chao_9.40b,C,8,1773,735.807
chao_9.40b,C,9,1780,700.597
chao_9.40b,C,10,1809,714.174
chao_9.40b,R,1,1710,808.406
chao_9.40b,R,2,1708,793.839
chao_9.40b,R,3,1725,770.13
chao_9.40b,R,4,1711,778.31
chao_9.40b,R,5,1704,787.411
chao_9.40b,R,6,1762,784.501
chao_9.40b,R,7,1775,822.98
chao_9.40b,R,8,1712,753.007
chao_9.40b,R,9,1723,798.963
chao_9.40b,R,10,1721,799.592
chao_9.40c,B,1,1521,693.059
chao_9.40c,B,2,1539,719.21
chao_9.40c,B,3,1503,703.232
chao_9.40c,B,4,1485,700.334
chao_9.40c,B,5,1534,694.964
chao_9.40c,B,6,1508,725.806
chao_9.40c,B,7,1521,716.903
chao_9.40c,B,8,1517,736.754
chao_9.40c,B,9,1517,730.625
chao_9.40c,B,10,1508,720.976
chao_9.40c,C,1,1726,721.008
chao_9.40c,C,2,1678,692.554
chao_9.40c,C,3,1686,667.136
chao_9.40c,C,4,1675,710.459
chao_9.40c,C,5,1724,725.733
chao_9.40c,C,6,1737,688.256
chao_9.40c,C,7,1717,718.66
chao_9.40c,C,8,1722,687.796
chao_9.40c,C,9,1699,679.211
chao_9.40c,C,10,1663,701.472
chao_9.40c,R,1,1460,729.435
chao_9.40c,R,2,1455,798.056
chao_9.40c,R,3,1461,781.575
chao_9.40c,R,4,1460,763.51
chao_9.40c,R,5,1478,791.323
chao_9.40c,R,6,1472,769.947
chao_9.40c,R,7,1487,758.161
chao_9.40c,R,8,1475,758.562
chao_9.40c,R,9,1445,786.734
chao_9.40c,R,10,1469,789.258
